date,Steemit,0x_(decentralized_exchange_infrastructure),ICON_(blockchain_platform)
2018-01-01,837,0.0,0.0
2018-01-02,1619,0.0,0.0
2018-01-03,1708,0.0,0.0
2018-01-04,1709,0.0,0.0
2018-01-05,1576,0.0,0.0
2018-01-06,1404,0.0,0.0
2018-01-07,1503,0.0,0.0
2018-01-08,1558,0.0,0.0
2018-01-09,1525,0.0,0.0
2018-01-10,1451,0.0,0.0
2018-01-11,1453,0.0,0.0
2018-01-12,1421,0.0,0.0
2018-01-13,1242,0.0,0.0
2018-01-14,1338,0.0,0.0
2018-01-15,1522,0.0,0.0
2018-01-16,1514,0.0,0.0
2018-01-17,1547,0.0,0.0
2018-01-18,1700,0.0,0.0
2018-01-19,1435,0.0,0.0
2018-01-20,1388,0.0,0.0
2018-01-21,1327,0.0,0.0
2018-01-22,1476,0.0,0.0
2018-01-23,1516,0.0,0.0
2018-01-24,1943,0.0,0.0
2018-01-25,2072,0.0,0.0
2018-01-26,1621,0.0,0.0
2018-01-27,1483,0.0,0.0
2018-01-28,1410,0.0,0.0
2018-01-29,1682,0.0,0.0
2018-01-30,1776,0.0,0.0
2018-01-31,1497,0.0,0.0
2018-02-01,1564,0.0,0.0
2018-02-02,1281,0.0,0.0
2018-02-03,1208,0.0,0.0
2018-02-04,1219,0.0,0.0
2018-02-05,1385,0.0,0.0
2018-02-06,1318,0.0,0.0
2018-02-07,1168,0.0,0.0
2018-02-08,1325,0.0,0.0
2018-02-09,1221,0.0,0.0
2018-02-10,1040,0.0,0.0
2018-02-11,1124,0.0,0.0
2018-02-12,1382,0.0,0.0
2018-02-13,1420,0.0,0.0
2018-02-14,1144,0.0,0.0
2018-02-15,1040,0.0,0.0
2018-02-16,1138,0.0,0.0
2018-02-17,1043,0.0,0.0
2018-02-18,1036,0.0,0.0
2018-02-19,1104,0.0,0.0
2018-02-20,1370,0.0,0.0
2018-02-21,1138,0.0,0.0
2018-02-22,1129,0.0,0.0
2018-02-23,1029,0.0,0.0
2018-02-24,1186,0.0,0.0
2018-02-25,1127,0.0,0.0
2018-02-26,2060,0.0,0.0
2018-02-27,2284,0.0,0.0
2018-02-28,2004,0.0,0.0
2018-03-01,1771,0.0,0.0
2018-03-02,1781,0.0,0.0
2018-03-03,1551,0.0,0.0
2018-03-04,1503,0.0,0.0
2018-03-05,1512,0.0,0.0
2018-03-06,1434,0.0,0.0
2018-03-07,2568,0.0,0.0
2018-03-08,1576,0.0,0.0
2018-03-09,1025,0.0,0.0
2018-03-10,939,0.0,0.0
2018-03-11,992,0.0,0.0
2018-03-12,1881,0.0,0.0
2018-03-13,1420,0.0,0.0
2018-03-14,1079,0.0,0.0
2018-03-15,919,0.0,0.0
2018-03-16,952,0.0,0.0
2018-03-17,719,0.0,0.0
2018-03-18,736,0.0,0.0
2018-03-19,875,0.0,0.0
2018-03-20,937,0.0,0.0
2018-03-21,1031,0.0,0.0
2018-03-22,910,0.0,0.0
2018-03-23,902,0.0,0.0
2018-03-24,811,0.0,0.0
2018-03-25,918,0.0,0.0
2018-03-26,895,0.0,0.0
2018-03-27,909,0.0,0.0
2018-03-28,1082,0.0,0.0
2018-03-29,1083,0.0,0.0
2018-03-30,727,0.0,0.0
2018-03-31,663,0.0,0.0
2018-04-01,747,0.0,0.0
2018-04-02,701,0.0,0.0
2018-04-03,780,0.0,0.0
2018-04-04,731,0.0,0.0
2018-04-05,684,0.0,0.0
2018-04-06,706,0.0,0.0
2018-04-07,598,0.0,0.0
2018-04-08,593,0.0,0.0
2018-04-09,668,0.0,0.0
2018-04-10,1095,0.0,0.0
2018-04-11,879,0.0,0.0
2018-04-12,911,0.0,0.0
2018-04-13,741,0.0,0.0
2018-04-14,664,0.0,0.0
2018-04-15,590,0.0,0.0
2018-04-16,699,0.0,0.0
2018-04-17,691,0.0,0.0
2018-04-18,718,0.0,0.0
2018-04-19,592,0.0,0.0
2018-04-20,647,0.0,0.0
2018-04-21,576,0.0,0.0
2018-04-22,644,0.0,0.0
2018-04-23,715,0.0,0.0
2018-04-24,686,0.0,0.0
2018-04-25,752,0.0,0.0
2018-04-26,843,0.0,0.0
2018-04-27,687,0.0,0.0
2018-04-28,559,0.0,0.0
2018-04-29,551,0.0,0.0
2018-04-30,709,0.0,0.0
2018-05-01,575,0.0,0.0
2018-05-02,739,0.0,0.0
2018-05-03,701,0.0,0.0
2018-05-04,554,0.0,0.0
2018-05-05,474,0.0,0.0
2018-05-06,593,0.0,0.0
2018-05-07,674,0.0,0.0
2018-05-08,569,0.0,0.0
2018-05-09,608,0.0,0.0
2018-05-10,615,0.0,0.0
2018-05-11,538,0.0,0.0
2018-05-12,499,0.0,0.0
2018-05-13,532,0.0,0.0
2018-05-14,538,0.0,0.0
2018-05-15,514,0.0,0.0
2018-05-16,569,0.0,0.0
2018-05-17,606,0.0,0.0
2018-05-18,488,0.0,0.0
2018-05-19,421,0.0,0.0
2018-05-20,383,0.0,0.0
2018-05-21,541,0.0,0.0
2018-05-22,487,0.0,0.0
2018-05-23,521,0.0,0.0
2018-05-24,585,0.0,0.0
2018-05-25,484,0.0,0.0
2018-05-26,380,0.0,0.0
2018-05-27,488,0.0,0.0
2018-05-28,484,0.0,0.0
2018-05-29,514,0.0,0.0
2018-05-30,504,0.0,0.0
2018-05-31,577,0.0,0.0
2018-06-01,504,0.0,0.0
2018-06-02,400,0.0,0.0
2018-06-03,618,0.0,0.0
2018-06-04,503,0.0,0.0
2018-06-05,544,0.0,0.0
2018-06-06,429,0.0,0.0
2018-06-07,429,0.0,0.0
2018-06-08,561,0.0,0.0
2018-06-09,381,0.0,0.0
2018-06-10,380,0.0,0.0
2018-06-11,416,0.0,0.0
2018-06-12,457,0.0,0.0
2018-06-13,444,0.0,0.0
2018-06-14,395,0.0,0.0
2018-06-15,364,0.0,0.0
2018-06-16,332,0.0,0.0
2018-06-17,329,0.0,0.0
2018-06-18,383,0.0,0.0
2018-06-19,462,0.0,0.0
2018-06-20,443,0.0,0.0
2018-06-21,417,0.0,0.0
2018-06-22,373,0.0,0.0
2018-06-23,362,0.0,0.0
2018-06-24,360,0.0,0.0
2018-06-25,435,0.0,0.0
2018-06-26,383,0.0,0.0
2018-06-27,401,0.0,0.0
2018-06-28,390,0.0,0.0
2018-06-29,361,0.0,0.0
2018-06-30,699,0.0,0.0
2018-07-01,360,0.0,0.0
2018-07-02,374,0.0,0.0
2018-07-03,468,0.0,0.0
2018-07-04,422,0.0,0.0
2018-07-05,443,0.0,0.0
2018-07-06,408,0.0,0.0
2018-07-07,364,0.0,0.0
2018-07-08,346,0.0,0.0
2018-07-09,419,0.0,0.0
2018-07-10,384,0.0,0.0
2018-07-11,346,0.0,0.0
2018-07-12,321,0.0,0.0
2018-07-13,379,0.0,0.0
2018-07-14,318,0.0,0.0
2018-07-15,298,0.0,0.0
2018-07-16,423,0.0,0.0
2018-07-17,428,0.0,0.0
2018-07-18,379,0.0,0.0
2018-07-19,385,0.0,0.0
2018-07-20,353,0.0,0.0
2018-07-21,288,0.0,0.0
2018-07-22,299,0.0,0.0
2018-07-23,393,0.0,0.0
2018-07-24,419,0.0,0.0
2018-07-25,372,0.0,0.0
2018-07-26,384,0.0,0.0
2018-07-27,423,0.0,0.0
2018-07-28,365,0.0,0.0
2018-07-29,359,0.0,0.0
2018-07-30,412,0.0,0.0
2018-07-31,441,0.0,0.0
2018-08-01,373,0.0,0.0
2018-08-02,449,0.0,0.0
2018-08-03,306,0.0,0.0
2018-08-04,315,0.0,0.0
2018-08-05,318,0.0,0.0
2018-08-06,471,0.0,0.0
2018-08-07,557,0.0,0.0
2018-08-08,516,0.0,0.0
2018-08-09,456,0.0,0.0
2018-08-10,393,0.0,0.0
2018-08-11,397,0.0,0.0
2018-08-12,532,0.0,0.0
2018-08-13,448,0.0,0.0
2018-08-14,431,0.0,0.0
2018-08-15,483,0.0,0.0
2018-08-16,346,0.0,0.0
2018-08-17,355,0.0,0.0
2018-08-18,313,0.0,0.0
2018-08-19,333,0.0,0.0
2018-08-20,380,0.0,0.0
2018-08-21,405,0.0,0.0
2018-08-22,378,0.0,0.0
2018-08-23,310,0.0,0.0
2018-08-24,328,0.0,0.0
2018-08-25,349,0.0,0.0
2018-08-26,341,0.0,0.0
2018-08-27,379,0.0,0.0
2018-08-28,384,0.0,0.0
2018-08-29,509,0.0,0.0
2018-08-30,444,0.0,0.0
2018-08-31,427,0.0,0.0
2018-09-01,324,0.0,0.0
2018-09-02,399,0.0,0.0
2018-09-03,489,0.0,0.0
2018-09-04,430,0.0,0.0
2018-09-05,434,0.0,0.0
2018-09-06,374,0.0,0.0
2018-09-07,425,0.0,0.0
2018-09-08,336,0.0,0.0
2018-09-09,360,0.0,0.0
2018-09-10,437,0.0,0.0
2018-09-11,398,0.0,0.0
2018-09-12,607,0.0,0.0
2018-09-13,775,0.0,0.0
2018-09-14,971,0.0,0.0
2018-09-15,453,0.0,0.0
2018-09-16,439,0.0,0.0
2018-09-17,670,0.0,0.0
2018-09-18,559,0.0,0.0
2018-09-19,529,0.0,0.0
2018-09-20,474,0.0,0.0
2018-09-21,503,0.0,0.0
2018-09-22,615,0.0,0.0
2018-09-23,387,0.0,0.0
2018-09-24,496,0.0,0.0
2018-09-25,450,0.0,0.0
2018-09-26,404,0.0,0.0
2018-09-27,468,0.0,0.0
2018-09-28,286,0.0,0.0
2018-09-29,334,0.0,0.0
2018-09-30,246,0.0,0.0
2018-10-01,269,0.0,0.0
2018-10-02,267,0.0,0.0
2018-10-03,233,0.0,0.0
2018-10-04,283,0.0,0.0
2018-10-05,231,0.0,0.0
2018-10-06,202,0.0,0.0
2018-10-07,189,0.0,0.0
2018-10-08,278,0.0,0.0
2018-10-09,307,0.0,0.0
2018-10-10,278,0.0,0.0
2018-10-11,276,0.0,0.0
2018-10-12,347,0.0,0.0
2018-10-13,212,0.0,0.0
2018-10-14,256,0.0,0.0
2018-10-15,260,0.0,0.0
2018-10-16,309,0.0,0.0
2018-10-17,336,0.0,0.0
2018-10-18,301,0.0,0.0
2018-10-19,234,0.0,0.0
2018-10-20,243,0.0,0.0
2018-10-21,257,0.0,0.0
2018-10-22,345,0.0,0.0
2018-10-23,292,0.0,0.0
2018-10-24,242,0.0,0.0
2018-10-25,303,0.0,0.0
2018-10-26,276,0.0,0.0
2018-10-27,247,0.0,0.0
2018-10-28,327,0.0,0.0
2018-10-29,369,0.0,0.0
2018-10-30,395,0.0,0.0
2018-10-31,306,0.0,0.0
2018-11-01,291,0.0,0.0
2018-11-02,269,0.0,0.0
2018-11-03,267,0.0,0.0
2018-11-04,254,0.0,0.0
2018-11-05,341,0.0,0.0
2018-11-06,259,0.0,0.0
2018-11-07,207,0.0,0.0
2018-11-08,287,0.0,0.0
2018-11-09,219,0.0,0.0
2018-11-10,212,0.0,0.0
2018-11-11,248,0.0,0.0
2018-11-12,248,0.0,0.0
2018-11-13,278,0.0,0.0
2018-11-14,231,0.0,0.0
2018-11-15,230,0.0,0.0
2018-11-16,195,0.0,0.0
2018-11-17,157,0.0,0.0
2018-11-18,211,0.0,0.0
2018-11-19,244,0.0,0.0
2018-11-20,256,0.0,0.0
2018-11-21,227,0.0,0.0
2018-11-22,206,0.0,0.0
2018-11-23,188,0.0,0.0
2018-11-24,169,0.0,0.0
2018-11-25,231,0.0,0.0
2018-11-26,191,0.0,0.0
2018-11-27,212,0.0,0.0
2018-11-28,330,0.0,0.0
2018-11-29,414,0.0,0.0
2018-11-30,248,0.0,0.0
2018-12-01,203,0.0,0.0
2018-12-02,176,0.0,0.0
2018-12-03,250,0.0,0.0
2018-12-04,209,0.0,0.0
2018-12-05,232,0.0,0.0
2018-12-06,211,0.0,0.0
2018-12-07,203,0.0,0.0
2018-12-08,184,0.0,0.0
2018-12-09,174,0.0,0.0
2018-12-10,194,0.0,0.0
2018-12-11,246,0.0,0.0
2018-12-12,179,0.0,0.0
2018-12-13,236,0.0,0.0
2018-12-14,182,0.0,0.0
2018-12-15,143,0.0,0.0
2018-12-16,158,0.0,0.0
2018-12-17,197,0.0,0.0
2018-12-18,201,0.0,0.0
2018-12-19,200,0.0,0.0
2018-12-20,197,0.0,0.0
2018-12-21,179,0.0,0.0
2018-12-22,151,0.0,0.0
2018-12-23,122,0.0,0.0
2018-12-24,141,0.0,0.0
2018-12-25,135,0.0,0.0
2018-12-26,172,0.0,0.0
2018-12-27,129,0.0,0.0
2018-12-28,162,0.0,0.0
2018-12-29,144,0.0,0.0
2018-12-30,189,0.0,0.0
2018-12-31,149,0.0,0.0
2019-01-01,146,0.0,0.0
2019-01-02,200,0.0,0.0
2019-01-03,301,0.0,0.0
2019-01-04,315,0.0,0.0
2019-01-05,464,0.0,0.0
2019-01-06,375,0.0,0.0
2019-01-07,282,0.0,0.0
2019-01-08,274,0.0,0.0
2019-01-09,326,0.0,0.0
2019-01-10,292,0.0,0.0
2019-01-11,221,0.0,0.0
2019-01-12,186,0.0,0.0
2019-01-13,180,0.0,0.0
2019-01-14,187,0.0,0.0
2019-01-15,221,0.0,0.0
2019-01-16,376,0.0,0.0
2019-01-17,300,0.0,0.0
2019-01-18,269,0.0,0.0
2019-01-19,255,0.0,0.0
2019-01-20,258,0.0,0.0
2019-01-21,289,0.0,0.0
2019-01-22,259,0.0,0.0
2019-01-23,291,0.0,0.0
2019-01-24,209,0.0,0.0
2019-01-25,206,0.0,0.0
2019-01-26,192,0.0,0.0
2019-01-27,207,0.0,0.0
2019-01-28,214,0.0,0.0
2019-01-29,199,0.0,0.0
2019-01-30,205,0.0,0.0
2019-01-31,236,0.0,0.0
2019-02-01,173,0.0,0.0
2019-02-02,187,0.0,0.0
2019-02-03,160,0.0,0.0
2019-02-04,213,0.0,0.0
2019-02-05,270,0.0,0.0
2019-02-06,199,0.0,0.0
2019-02-07,180,0.0,0.0
2019-02-08,157,0.0,0.0
2019-02-09,139,0.0,0.0
2019-02-10,141,0.0,0.0
2019-02-11,163,0.0,0.0
2019-02-12,209,0.0,0.0
2019-02-13,192,0.0,0.0
2019-02-14,135,0.0,0.0
2019-02-15,170,0.0,0.0
2019-02-16,157,0.0,0.0
2019-02-17,163,0.0,0.0
2019-02-18,260,0.0,0.0
2019-02-19,188,0.0,0.0
2019-02-20,205,0.0,0.0
2019-02-21,188,0.0,0.0
2019-02-22,135,0.0,0.0
2019-02-23,127,0.0,0.0
2019-02-24,218,0.0,0.0
2019-02-25,259,0.0,0.0
2019-02-26,191,0.0,0.0
2019-02-27,214,0.0,0.0
2019-02-28,193,0.0,0.0
2019-03-01,169,0.0,0.0
2019-03-02,173,0.0,0.0
2019-03-03,153,0.0,0.0
2019-03-04,192,0.0,0.0
2019-03-05,266,0.0,0.0
2019-03-06,175,0.0,0.0
2019-03-07,193,0.0,0.0
2019-03-08,183,0.0,0.0
2019-03-09,142,0.0,0.0
2019-03-10,227,0.0,0.0
2019-03-11,206,0.0,0.0
2019-03-12,275,0.0,0.0
2019-03-13,267,0.0,0.0
2019-03-14,265,0.0,0.0
2019-03-15,287,0.0,0.0
2019-03-16,341,0.0,0.0
2019-03-17,206,0.0,0.0
2019-03-18,236,0.0,0.0
2019-03-19,161,0.0,0.0
2019-03-20,186,0.0,0.0
2019-03-21,220,0.0,0.0
2019-03-22,168,0.0,0.0
2019-03-23,147,0.0,0.0
2019-03-24,142,0.0,0.0
2019-03-25,204,0.0,0.0
2019-03-26,187,0.0,0.0
2019-03-27,158,0.0,0.0
2019-03-28,174,0.0,0.0
2019-03-29,175,0.0,0.0
2019-03-30,122,0.0,0.0
2019-03-31,142,0.0,0.0
2019-04-01,166,0.0,0.0
2019-04-02,166,0.0,0.0
2019-04-03,187,0.0,0.0
2019-04-04,195,0.0,0.0
2019-04-05,152,0.0,0.0
2019-04-06,136,0.0,0.0
2019-04-07,127,0.0,0.0
2019-04-08,165,0.0,0.0
2019-04-09,240,0.0,0.0
2019-04-10,244,0.0,0.0
2019-04-11,215,0.0,0.0
2019-04-12,187,0.0,0.0
2019-04-13,128,0.0,0.0
2019-04-14,156,0.0,0.0
2019-04-15,182,0.0,0.0
2019-04-16,154,0.0,0.0
2019-04-17,161,0.0,0.0
2019-04-18,153,0.0,0.0
2019-04-19,126,0.0,0.0
2019-04-20,110,0.0,0.0
2019-04-21,87,0.0,0.0
2019-04-22,133,0.0,0.0
2019-04-23,148,0.0,0.0
2019-04-24,164,0.0,0.0
2019-04-25,127,0.0,0.0
2019-04-26,120,0.0,0.0
2019-04-27,119,0.0,0.0
2019-04-28,119,0.0,0.0
2019-04-29,126,0.0,0.0
2019-04-30,109,0.0,0.0
2019-05-01,123,0.0,0.0
2019-05-02,118,0.0,0.0
2019-05-03,118,0.0,0.0
2019-05-04,104,0.0,0.0
2019-05-05,101,0.0,0.0
2019-05-06,141,0.0,0.0
2019-05-07,161,0.0,0.0
2019-05-08,133,0.0,0.0
2019-05-09,156,0.0,0.0
2019-05-10,134,0.0,0.0
2019-05-11,137,0.0,0.0
2019-05-12,108,0.0,0.0
2019-05-13,111,0.0,0.0
2019-05-14,131,0.0,0.0
2019-05-15,113,0.0,0.0
2019-05-16,149,0.0,0.0
2019-05-17,128,0.0,0.0
2019-05-18,150,0.0,0.0
2019-05-19,90,0.0,0.0
2019-05-20,159,0.0,0.0
2019-05-21,163,0.0,0.0
2019-05-22,145,0.0,0.0
2019-05-23,157,0.0,0.0
2019-05-24,156,0.0,0.0
2019-05-25,139,0.0,0.0
2019-05-26,109,0.0,0.0
2019-05-27,158,0.0,0.0
2019-05-28,136,0.0,0.0
2019-05-29,111,0.0,0.0
2019-05-30,162,0.0,0.0
2019-05-31,109,0.0,0.0
2019-06-01,144,0.0,0.0
2019-06-02,135,0.0,0.0
2019-06-03,140,0.0,0.0
2019-06-04,117,0.0,0.0
2019-06-05,126,0.0,0.0
2019-06-06,188,0.0,0.0
2019-06-07,176,0.0,0.0
2019-06-08,142,0.0,0.0
2019-06-09,127,0.0,0.0
2019-06-10,160,0.0,0.0
2019-06-11,175,0.0,0.0
2019-06-12,157,0.0,0.0
2019-06-13,145,0.0,0.0
2019-06-14,130,0.0,0.0
2019-06-15,117,0.0,0.0
2019-06-16,113,0.0,0.0
2019-06-17,133,0.0,0.0
2019-06-18,145,0.0,0.0
2019-06-19,141,0.0,0.0
2019-06-20,147,0.0,0.0
2019-06-21,94,0.0,0.0
2019-06-22,102,0.0,0.0
2019-06-23,124,0.0,0.0
2019-06-24,148,0.0,0.0
2019-06-25,140,0.0,0.0
2019-06-26,150,0.0,0.0
2019-06-27,125,0.0,0.0
2019-06-28,113,0.0,0.0
2019-06-29,111,0.0,0.0
2019-06-30,102,0.0,0.0
2019-07-01,139,0.0,0.0
2019-07-02,128,0.0,0.0
2019-07-03,138,0.0,0.0
2019-07-04,114,0.0,0.0
2019-07-05,125,0.0,0.0
2019-07-06,99,0.0,0.0
2019-07-07,129,0.0,0.0
2019-07-08,149,0.0,0.0
2019-07-09,149,0.0,0.0
2019-07-10,117,0.0,0.0
2019-07-11,169,0.0,0.0
2019-07-12,123,0.0,0.0
2019-07-13,117,0.0,0.0
2019-07-14,115,0.0,0.0
2019-07-15,112,0.0,0.0
2019-07-16,145,0.0,0.0
2019-07-17,116,0.0,0.0
2019-07-18,122,0.0,0.0
2019-07-19,124,0.0,0.0
2019-07-20,115,0.0,0.0
2019-07-21,156,0.0,0.0
2019-07-22,155,0.0,0.0
2019-07-23,191,0.0,0.0
2019-07-24,119,0.0,0.0
2019-07-25,116,0.0,0.0
2019-07-26,123,0.0,0.0
2019-07-27,95,0.0,0.0
2019-07-28,108,0.0,0.0
2019-07-29,149,0.0,0.0
2019-07-30,197,0.0,0.0
2019-07-31,153,0.0,0.0
2019-08-01,139,0.0,0.0
2019-08-02,173,0.0,0.0
2019-08-03,116,0.0,0.0
2019-08-04,132,0.0,0.0
2019-08-05,207,0.0,0.0
2019-08-06,208,0.0,0.0
2019-08-07,182,0.0,0.0
2019-08-08,134,0.0,0.0
2019-08-09,141,0.0,0.0
2019-08-10,115,0.0,0.0
2019-08-11,141,0.0,0.0
2019-08-12,197,0.0,0.0
2019-08-13,140,0.0,0.0
2019-08-14,121,0.0,0.0
2019-08-15,127,0.0,0.0
2019-08-16,117,0.0,0.0
2019-08-17,117,0.0,0.0
2019-08-18,113,0.0,0.0
2019-08-19,165,0.0,0.0
2019-08-20,153,0.0,0.0
2019-08-21,134,0.0,0.0
2019-08-22,159,0.0,0.0
2019-08-23,120,0.0,0.0
2019-08-24,92,0.0,0.0
2019-08-25,129,0.0,0.0
2019-08-26,138,0.0,0.0
2019-08-27,182,0.0,0.0
2019-08-28,131,0.0,0.0
2019-08-29,124,0.0,0.0
2019-08-30,124,0.0,0.0
2019-08-31,96,0.0,0.0
2019-09-01,109,0.0,0.0
2019-09-02,103,0.0,0.0
2019-09-03,115,0.0,0.0
2019-09-04,111,0.0,0.0
2019-09-05,2715,0.0,0.0
2019-09-06,634,0.0,0.0
2019-09-07,97,0.0,0.0
2019-09-08,113,0.0,0.0
2019-09-09,194,0.0,0.0
2019-09-10,145,0.0,0.0
2019-09-11,110,0.0,0.0
2019-09-12,139,0.0,0.0
2019-09-13,125,0.0,0.0
2019-09-14,119,0.0,0.0
2019-09-15,105,0.0,0.0
2019-09-16,120,0.0,0.0
2019-09-17,156,0.0,0.0
2019-09-18,154,0.0,0.0
2019-09-19,142,0.0,0.0
2019-09-20,119,0.0,0.0
2019-09-21,138,0.0,0.0
2019-09-22,129,0.0,0.0
2019-09-23,129,0.0,0.0
2019-09-24,128,0.0,0.0
2019-09-25,146,0.0,0.0
2019-09-26,133,0.0,0.0
2019-09-27,115,0.0,0.0
2019-09-28,105,0.0,0.0
2019-09-29,101,0.0,0.0
2019-09-30,110,0.0,0.0
2019-10-01,104,0.0,0.0
2019-10-02,124,0.0,0.0
2019-10-03,141,0.0,0.0
2019-10-04,110,0.0,0.0
2019-10-05,97,0.0,0.0
2019-10-06,106,0.0,0.0
2019-10-07,126,0.0,0.0
2019-10-08,130,0.0,0.0
2019-10-09,173,0.0,0.0
2019-10-10,175,0.0,0.0
2019-10-11,128,0.0,0.0
2019-10-12,110,0.0,0.0
2019-10-13,129,0.0,0.0
2019-10-14,122,0.0,0.0
2019-10-15,161,0.0,0.0
2019-10-16,184,0.0,0.0
2019-10-17,165,0.0,0.0
2019-10-18,165,0.0,0.0
2019-10-19,152,0.0,0.0
2019-10-20,142,0.0,0.0
2019-10-21,140,0.0,0.0
2019-10-22,170,0.0,0.0
2019-10-23,136,0.0,0.0
2019-10-24,145,0.0,0.0
2019-10-25,116,0.0,0.0
2019-10-26,102,0.0,0.0
2019-10-27,117,0.0,0.0
2019-10-28,153,0.0,0.0
2019-10-29,141,0.0,0.0
2019-10-30,125,0.0,0.0
2019-10-31,151,0.0,0.0
2019-11-01,108,0.0,0.0
2019-11-02,114,0.0,0.0
2019-11-03,132,0.0,0.0
2019-11-04,133,0.0,0.0
2019-11-05,115,0.0,0.0
2019-11-06,120,0.0,0.0
2019-11-07,136,0.0,0.0
2019-11-08,133,0.0,0.0
2019-11-09,116,0.0,0.0
2019-11-10,128,0.0,0.0
2019-11-11,117,0.0,0.0
2019-11-12,171,0.0,0.0
2019-11-13,167,0.0,0.0
2019-11-14,131,0.0,0.0
2019-11-15,151,0.0,0.0
2019-11-16,145,0.0,0.0
2019-11-17,143,0.0,0.0
2019-11-18,140,0.0,0.0
2019-11-19,170,0.0,0.0
2019-11-20,138,0.0,0.0
2019-11-21,142,0.0,0.0
2019-11-22,108,0.0,0.0
2019-11-23,92,0.0,0.0
2019-11-24,132,0.0,0.0
2019-11-25,127,0.0,0.0
2019-11-26,125,0.0,0.0
2019-11-27,160,0.0,0.0
2019-11-28,126,0.0,0.0
2019-11-29,111,0.0,0.0
2019-11-30,118,0.0,0.0
2019-12-01,121,0.0,0.0
2019-12-02,153,0.0,0.0
2019-12-03,140,0.0,0.0
2019-12-04,158,0.0,0.0
2019-12-05,184,0.0,0.0
2019-12-06,182,0.0,0.0
2019-12-07,118,0.0,0.0
2019-12-08,122,0.0,0.0
2019-12-09,150,0.0,0.0
2019-12-10,183,0.0,0.0
2019-12-11,154,0.0,0.0
2019-12-12,167,0.0,0.0
2019-12-13,131,0.0,0.0
2019-12-14,119,0.0,0.0
2019-12-15,133,0.0,0.0
2019-12-16,155,0.0,0.0
2019-12-17,163,0.0,0.0
2019-12-18,143,0.0,0.0
2019-12-19,103,0.0,0.0
2019-12-20,97,0.0,0.0
2019-12-21,102,0.0,0.0
2019-12-22,82,0.0,0.0
2019-12-23,122,0.0,0.0
2019-12-24,140,0.0,0.0
2019-12-25,126,0.0,0.0
2019-12-26,146,0.0,0.0
2019-12-27,108,0.0,0.0
2019-12-28,113,0.0,0.0
2019-12-29,136,0.0,0.0
2019-12-30,145,0.0,0.0
2019-12-31,168,0.0,0.0
2020-01-01,143,0.0,0.0
2020-01-02,129,0.0,0.0
2020-01-03,114,0.0,0.0
2020-01-04,107,0.0,0.0
2020-01-05,81,0.0,0.0
2020-01-06,142,0.0,0.0
2020-01-07,124,0.0,0.0
2020-01-08,136,0.0,0.0
2020-01-09,175,0.0,0.0
2020-01-10,160,0.0,0.0
2020-01-11,112,0.0,0.0
2020-01-12,124,0.0,0.0
2020-01-13,148,0.0,0.0
2020-01-14,156,0.0,0.0
2020-01-15,153,0.0,0.0
2020-01-16,156,0.0,0.0
2020-01-17,119,0.0,0.0
2020-01-18,135,0.0,0.0
2020-01-19,93,0.0,0.0
2020-01-20,129,0.0,0.0
2020-01-21,93,0.0,0.0
2020-01-22,116,0.0,0.0
2020-01-23,144,0.0,0.0
2020-01-24,123,0.0,0.0
2020-01-25,85,0.0,0.0
2020-01-26,121,0.0,0.0
2020-01-27,97,0.0,0.0
2020-01-28,131,0.0,0.0
2020-01-29,96,0.0,0.0
2020-01-30,128,0.0,0.0
2020-01-31,89,0.0,0.0
2020-02-01,123,0.0,0.0
2020-02-02,126,0.0,0.0
2020-02-03,112,0.0,0.0
2020-02-04,117,0.0,0.0
2020-02-05,109,0.0,0.0
2020-02-06,112,0.0,0.0
2020-02-07,112,0.0,0.0
2020-02-08,84,0.0,0.0
2020-02-09,90,0.0,0.0
2020-02-10,127,0.0,0.0
2020-02-11,135,0.0,0.0
2020-02-12,139,0.0,0.0
2020-02-13,136,0.0,0.0
2020-02-14,240,0.0,0.0
2020-02-15,210,0.0,0.0
2020-02-16,189,0.0,0.0
2020-02-17,179,0.0,0.0
2020-02-18,143,0.0,0.0
2020-02-19,152,0.0,0.0
2020-02-20,156,0.0,0.0
2020-02-21,138,0.0,0.0
2020-02-22,110,0.0,0.0
2020-02-23,124,0.0,0.0
2020-02-24,147,0.0,0.0
2020-02-25,151,0.0,0.0
2020-02-26,122,0.0,0.0
2020-02-27,128,0.0,0.0
2020-02-28,128,0.0,0.0
2020-02-29,85,0.0,0.0
2020-03-01,127,0.0,0.0
2020-03-02,181,0.0,0.0
2020-03-03,204,0.0,0.0
2020-03-04,170,0.0,0.0
2020-03-05,169,0.0,0.0
2020-03-06,133,0.0,0.0
2020-03-07,165,0.0,0.0
2020-03-08,157,0.0,0.0
2020-03-09,116,0.0,0.0
2020-03-10,146,0.0,0.0
2020-03-11,147,0.0,0.0
2020-03-12,105,0.0,0.0
2020-03-13,134,0.0,0.0
2020-03-14,87,0.0,0.0
2020-03-15,100,0.0,0.0
2020-03-16,110,0.0,0.0
2020-03-17,120,0.0,0.0
2020-03-18,125,0.0,0.0
2020-03-19,137,0.0,0.0
2020-03-20,138,0.0,0.0
2020-03-21,145,0.0,0.0
2020-03-22,99,0.0,0.0
2020-03-23,114,0.0,0.0
2020-03-24,123,0.0,0.0
2020-03-25,116,0.0,0.0
2020-03-26,105,0.0,0.0
2020-03-27,127,0.0,0.0
2020-03-28,109,0.0,0.0
2020-03-29,97,0.0,0.0
2020-03-30,123,0.0,0.0
2020-03-31,147,0.0,0.0
2020-04-01,124,0.0,0.0
2020-04-02,123,0.0,0.0
2020-04-03,133,0.0,0.0
2020-04-04,119,0.0,0.0
2020-04-05,104,0.0,0.0
2020-04-06,133,0.0,0.0
2020-04-07,179,0.0,0.0
2020-04-08,147,0.0,0.0
2020-04-09,131,0.0,0.0
2020-04-10,139,0.0,0.0
2020-04-11,134,0.0,0.0
2020-04-12,124,0.0,0.0
2020-04-13,136,0.0,0.0
2020-04-14,144,0.0,0.0
2020-04-15,134,0.0,0.0
2020-04-16,129,0.0,0.0
2020-04-17,137,0.0,0.0
2020-04-18,144,0.0,0.0
2020-04-19,139,0.0,0.0
2020-04-20,165,0.0,0.0
2020-04-21,199,0.0,0.0
2020-04-22,152,0.0,0.0
2020-04-23,145,0.0,0.0
2020-04-24,111,0.0,0.0
2020-04-25,159,0.0,0.0
2020-04-26,151,0.0,0.0
2020-04-27,177,0.0,0.0
2020-04-28,167,0.0,0.0
2020-04-29,155,0.0,0.0
2020-04-30,161,0.0,0.0
2020-05-01,100,0.0,0.0
2020-05-02,134,0.0,0.0
2020-05-03,153,0.0,0.0
2020-05-04,155,0.0,0.0
2020-05-05,189,0.0,0.0
2020-05-06,194,0.0,0.0
2020-05-07,165,0.0,0.0
2020-05-08,236,0.0,0.0
2020-05-09,186,0.0,0.0
2020-05-10,154,0.0,0.0
2020-05-11,205,0.0,0.0
2020-05-12,188,0.0,0.0
2020-05-13,147,0.0,0.0
2020-05-14,160,0.0,0.0
2020-05-15,170,0.0,0.0
2020-05-16,125,0.0,0.0
2020-05-17,141,0.0,0.0
2020-05-18,157,0.0,0.0
2020-05-19,174,0.0,0.0
2020-05-20,202,0.0,0.0
2020-05-21,201,0.0,0.0
2020-05-22,170,0.0,0.0
2020-05-23,219,0.0,0.0
2020-05-24,200,0.0,0.0
2020-05-25,220,0.0,0.0
2020-05-26,208,0.0,0.0
2020-05-27,193,0.0,0.0
2020-05-28,207,0.0,0.0
2020-05-29,186,0.0,0.0
2020-05-30,170,0.0,0.0
2020-05-31,151,0.0,0.0
2020-06-01,125,0.0,0.0
2020-06-02,180,0.0,0.0
2020-06-03,183,0.0,0.0
2020-06-04,164,0.0,0.0
2020-06-05,164,0.0,0.0
2020-06-06,147,0.0,0.0
2020-06-07,147,0.0,0.0
2020-06-08,162,0.0,0.0
2020-06-09,173,0.0,0.0
2020-06-10,174,0.0,0.0
2020-06-11,187,0.0,0.0
2020-06-12,125,0.0,0.0
2020-06-13,115,0.0,0.0
2020-06-14,175,0.0,0.0
2020-06-15,153,0.0,0.0
2020-06-16,172,0.0,0.0
2020-06-17,174,0.0,0.0
2020-06-18,131,0.0,0.0
2020-06-19,150,0.0,0.0
2020-06-20,135,0.0,0.0
2020-06-21,136,0.0,0.0
2020-06-22,177,0.0,0.0
2020-06-23,191,0.0,0.0
2020-06-24,177,0.0,0.0
2020-06-25,144,0.0,0.0
2020-06-26,147,0.0,0.0
2020-06-27,127,0.0,0.0
2020-06-28,131,0.0,0.0
2020-06-29,177,0.0,0.0
2020-06-30,196,0.0,0.0
2020-07-01,183,0.0,0.0
2020-07-02,141,0.0,0.0
2020-07-03,165,0.0,0.0
2020-07-04,158,0.0,0.0
2020-07-05,147,0.0,0.0
2020-07-06,170,0.0,0.0
2020-07-07,159,0.0,0.0
2020-07-08,171,0.0,0.0
2020-07-09,170,0.0,0.0
2020-07-10,162,0.0,0.0
2020-07-11,223,0.0,0.0
2020-07-12,135,0.0,0.0
2020-07-13,206,0.0,0.0
2020-07-14,219,0.0,0.0
2020-07-15,152,0.0,0.0
2020-07-16,149,0.0,0.0
2020-07-17,184,0.0,0.0
2020-07-18,125,0.0,0.0
2020-07-19,121,0.0,0.0
2020-07-20,139,0.0,0.0
2020-07-21,154,0.0,0.0
2020-07-22,128,0.0,0.0
2020-07-23,159,0.0,0.0
2020-07-24,163,0.0,0.0
2020-07-25,125,0.0,0.0
2020-07-26,119,0.0,0.0
2020-07-27,113,0.0,0.0
2020-07-28,166,0.0,0.0
2020-07-29,152,0.0,0.0
2020-07-30,161,0.0,0.0
2020-07-31,100,0.0,0.0
2020-08-01,126,0.0,0.0
2020-08-02,145,0.0,0.0
2020-08-03,155,0.0,0.0
2020-08-04,120,0.0,0.0
2020-08-05,153,0.0,0.0
2020-08-06,183,0.0,0.0
2020-08-07,118,0.0,0.0
2020-08-08,129,0.0,0.0
2020-08-09,135,0.0,0.0
2020-08-10,139,0.0,0.0
2020-08-11,126,0.0,0.0
2020-08-12,133,0.0,0.0
2020-08-13,102,0.0,0.0
2020-08-14,113,0.0,0.0
2020-08-15,108,0.0,0.0
2020-08-16,130,0.0,0.0
2020-08-17,127,0.0,0.0
2020-08-18,123,0.0,0.0
2020-08-19,121,0.0,0.0
2020-08-20,124,0.0,0.0
2020-08-21,121,0.0,0.0
2020-08-22,93,0.0,0.0
2020-08-23,126,0.0,0.0
2020-08-24,113,0.0,0.0
2020-08-25,257,0.0,0.0
2020-08-26,116,0.0,0.0
2020-08-27,126,0.0,0.0
2020-08-28,118,0.0,0.0
2020-08-29,108,0.0,0.0
2020-08-30,95,0.0,0.0
2020-08-31,119,0.0,0.0
2020-09-01,138,0.0,0.0
2020-09-02,118,0.0,0.0
2020-09-03,119,0.0,0.0
2020-09-04,121,0.0,0.0
2020-09-05,147,0.0,0.0
2020-09-06,129,0.0,0.0
2020-09-07,115,0.0,0.0
2020-09-08,104,0.0,0.0
2020-09-09,121,0.0,0.0
2020-09-10,111,0.0,0.0
2020-09-11,112,0.0,0.0
2020-09-12,96,0.0,0.0
2020-09-13,111,0.0,0.0
2020-09-14,133,0.0,0.0
2020-09-15,119,0.0,0.0
2020-09-16,97,0.0,0.0
2020-09-17,100,0.0,0.0
2020-09-18,119,0.0,0.0
2020-09-19,100,0.0,0.0
2020-09-20,108,0.0,0.0
2020-09-21,101,0.0,0.0
2020-09-22,108,0.0,0.0
2020-09-23,87,0.0,0.0
2020-09-24,109,0.0,0.0
2020-09-25,112,0.0,0.0
2020-09-26,95,0.0,0.0
2020-09-27,86,0.0,0.0
2020-09-28,105,0.0,0.0
2020-09-29,105,0.0,0.0
2020-09-30,80,0.0,0.0
2020-10-01,67,0.0,0.0
2020-10-02,59,0.0,0.0
2020-10-03,78,0.0,0.0
2020-10-04,91,0.0,0.0
2020-10-05,81,0.0,0.0
2020-10-06,98,0.0,0.0
2020-10-07,105,0.0,0.0
2020-10-08,75,0.0,0.0
2020-10-09,76,0.0,0.0
2020-10-10,95,0.0,0.0
2020-10-11,93,0.0,0.0
2020-10-12,99,0.0,0.0
2020-10-13,121,0.0,0.0
2020-10-14,99,0.0,0.0
2020-10-15,86,0.0,0.0
2020-10-16,102,0.0,0.0
2020-10-17,127,0.0,0.0
2020-10-18,98,0.0,0.0
2020-10-19,118,0.0,0.0
2020-10-20,92,0.0,0.0
2020-10-21,138,0.0,0.0
2020-10-22,125,0.0,0.0
2020-10-23,71,0.0,0.0
2020-10-24,68,0.0,0.0
2020-10-25,78,0.0,0.0
2020-10-26,99,0.0,0.0
2020-10-27,96,0.0,0.0
2020-10-28,98,0.0,0.0
2020-10-29,125,0.0,0.0
2020-10-30,98,0.0,0.0
2020-10-31,105,0.0,0.0
2020-11-01,116,0.0,0.0
2020-11-02,129,0.0,0.0
2020-11-03,98,0.0,0.0
2020-11-04,82,0.0,0.0
2020-11-05,74,0.0,0.0
2020-11-06,82,0.0,0.0
2020-11-07,89,0.0,0.0
2020-11-08,99,0.0,0.0
2020-11-09,102,0.0,0.0
2020-11-10,104,0.0,0.0
2020-11-11,69,0.0,0.0
2020-11-12,96,0.0,0.0
2020-11-13,90,0.0,0.0
2020-11-14,91,0.0,0.0
2020-11-15,101,0.0,0.0
2020-11-16,92,0.0,0.0
2020-11-17,114,0.0,0.0
2020-11-18,112,0.0,0.0
2020-11-19,113,0.0,0.0
2020-11-20,130,0.0,0.0
2020-11-21,102,0.0,0.0
2020-11-22,118,0.0,0.0
2020-11-23,113,0.0,0.0
2020-11-24,153,0.0,0.0
2020-11-25,422,0.0,0.0
2020-11-26,143,0.0,0.0
2020-11-27,122,0.0,0.0
2020-11-28,130,0.0,0.0
2020-11-29,145,0.0,0.0
2020-11-30,131,0.0,0.0
2020-12-01,175,0.0,0.0
2020-12-02,163,0.0,0.0
2020-12-03,148,0.0,0.0
2020-12-04,120,0.0,0.0
2020-12-05,109,0.0,0.0
2020-12-06,152,0.0,0.0
2020-12-07,134,0.0,0.0
2020-12-08,138,0.0,0.0
2020-12-09,134,0.0,0.0
2020-12-10,131,0.0,0.0
2020-12-11,132,0.0,0.0
2020-12-12,124,0.0,0.0
2020-12-13,112,0.0,0.0
2020-12-14,153,0.0,0.0
2020-12-15,132,0.0,0.0
2020-12-16,128,0.0,0.0
2020-12-17,137,0.0,0.0
2020-12-18,127,0.0,0.0
2020-12-19,151,0.0,0.0
2020-12-20,163,0.0,0.0
2020-12-21,134,0.0,0.0
2020-12-22,139,0.0,0.0
2020-12-23,131,0.0,0.0
2020-12-24,148,0.0,0.0
2020-12-25,139,0.0,0.0
2020-12-26,128,0.0,0.0
2020-12-27,152,0.0,0.0
2020-12-28,147,0.0,0.0
2020-12-29,163,0.0,0.0
2020-12-30,167,0.0,0.0
2020-12-31,129,0.0,0.0
2021-01-01,125,0.0,0.0
2021-01-02,139,0.0,0.0
2021-01-03,160,0.0,0.0
2021-01-04,145,0.0,0.0
2021-01-05,175,0.0,0.0
2021-01-06,150,0.0,0.0
2021-01-07,175,0.0,0.0
2021-01-08,185,0.0,0.0
2021-01-09,340,0.0,0.0
2021-01-10,383,0.0,0.0
2021-01-11,296,0.0,0.0
2021-01-12,255,0.0,0.0
2021-01-13,237,0.0,0.0
2021-01-14,256,0.0,0.0
2021-01-15,196,0.0,0.0
2021-01-16,172,0.0,0.0
2021-01-17,193,0.0,0.0
2021-01-18,207,0.0,0.0
2021-01-19,185,0.0,0.0
2021-01-20,168,0.0,0.0
2021-01-21,188,0.0,0.0
2021-01-22,165,0.0,0.0
2021-01-23,169,0.0,0.0
2021-01-24,167,0.0,0.0
2021-01-25,166,0.0,0.0
2021-01-26,174,0.0,0.0
2021-01-27,141,0.0,0.0
2021-01-28,179,0.0,0.0
2021-01-29,182,0.0,0.0
2021-01-30,178,0.0,0.0
2021-01-31,182,0.0,0.0
2021-02-01,173,0.0,0.0
2021-02-02,192,0.0,0.0
2021-02-03,169,0.0,0.0
2021-02-04,204,0.0,0.0
2021-02-05,179,0.0,0.0
2021-02-06,180,0.0,0.0
2021-02-07,211,0.0,0.0
2021-02-08,177,0.0,0.0
2021-02-09,169,0.0,0.0
2021-02-10,172,0.0,0.0
2021-02-11,178,0.0,0.0
2021-02-12,194,0.0,0.0
2021-02-13,206,0.0,0.0
2021-02-14,150,0.0,0.0
2021-02-15,189,0.0,0.0
2021-02-16,225,0.0,0.0
2021-02-17,163,0.0,0.0
2021-02-18,184,0.0,0.0
2021-02-19,188,0.0,0.0
2021-02-20,202,0.0,0.0
2021-02-21,189,0.0,0.0
2021-02-22,189,0.0,0.0
2021-02-23,196,0.0,0.0
2021-02-24,184,0.0,0.0
2021-02-25,161,0.0,0.0
2021-02-26,173,0.0,0.0
2021-02-27,187,0.0,0.0
2021-02-28,137,0.0,0.0
2021-03-01,154,0.0,0.0
2021-03-02,156,0.0,0.0
2021-03-03,162,0.0,0.0
2021-03-04,179,0.0,0.0
2021-03-05,174,0.0,0.0
2021-03-06,148,0.0,0.0
2021-03-07,168,0.0,0.0
2021-03-08,198,0.0,0.0
2021-03-09,183,0.0,0.0
2021-03-10,171,0.0,0.0
2021-03-11,182,0.0,0.0
2021-03-12,165,0.0,0.0
2021-03-13,165,0.0,0.0
2021-03-14,195,0.0,0.0
2021-03-15,179,0.0,0.0
2021-03-16,172,0.0,0.0
2021-03-17,187,0.0,0.0
2021-03-18,162,0.0,0.0
2021-03-19,156,0.0,0.0
2021-03-20,162,0.0,0.0
2021-03-21,155,0.0,0.0
2021-03-22,238,0.0,0.0
2021-03-23,201,0.0,0.0
2021-03-24,223,0.0,0.0
2021-03-25,200,0.0,0.0
2021-03-26,210,0.0,0.0
2021-03-27,156,0.0,0.0
2021-03-28,203,0.0,0.0
2021-03-29,194,0.0,0.0
2021-03-30,237,0.0,0.0
2021-03-31,179,0.0,0.0
2021-04-01,194,0.0,0.0
2021-04-02,193,0.0,0.0
2021-04-03,230,0.0,0.0
2021-04-04,182,0.0,0.0
2021-04-05,193,0.0,0.0
2021-04-06,213,0.0,0.0
2021-04-07,194,0.0,0.0
2021-04-08,199,0.0,0.0
2021-04-09,175,0.0,0.0
2021-04-10,170,0.0,0.0
2021-04-11,177,0.0,0.0
2021-04-12,212,0.0,0.0
2021-04-13,186,0.0,0.0
2021-04-14,147,0.0,0.0
2021-04-15,157,0.0,0.0
2021-04-16,174,0.0,0.0
2021-04-17,164,0.0,0.0
2021-04-18,150,0.0,0.0
2021-04-19,167,0.0,0.0
2021-04-20,128,0.0,0.0
2021-04-21,153,0.0,0.0
2021-04-22,121,0.0,0.0
2021-04-23,120,0.0,0.0
2021-04-24,108,0.0,0.0
2021-04-25,149,0.0,0.0
2021-04-26,146,0.0,0.0
2021-04-27,210,0.0,0.0
2021-04-28,160,0.0,0.0
2021-04-29,114,0.0,0.0
2021-04-30,144,0.0,0.0
2021-05-01,173,0.0,0.0
2021-05-02,126,0.0,0.0
2021-05-03,175,0.0,0.0
2021-05-04,134,0.0,0.0
2021-05-05,163,0.0,0.0
2021-05-06,175,0.0,0.0
2021-05-07,143,0.0,0.0
2021-05-08,138,0.0,0.0
2021-05-09,133,0.0,0.0
2021-05-10,149,0.0,0.0
2021-05-11,141,0.0,0.0
2021-05-12,146,0.0,0.0
2021-05-13,121,0.0,0.0
2021-05-14,174,0.0,0.0
2021-05-15,126,0.0,0.0
2021-05-16,149,0.0,0.0
2021-05-17,124,0.0,0.0
2021-05-18,154,0.0,0.0
2021-05-19,180,0.0,0.0
2021-05-20,228,0.0,0.0
2021-05-21,164,0.0,0.0
2021-05-22,126,0.0,0.0
2021-05-23,152,0.0,0.0
2021-05-24,148,0.0,0.0
2021-05-25,166,0.0,0.0
2021-05-26,163,0.0,0.0
2021-05-27,137,0.0,0.0
2021-05-28,128,0.0,0.0
2021-05-29,140,0.0,0.0
2021-05-30,148,0.0,0.0
2021-05-31,131,0.0,0.0
2021-06-01,123,0.0,0.0
2021-06-02,155,0.0,0.0
2021-06-03,131,0.0,0.0
2021-06-04,111,0.0,0.0
2021-06-05,126,0.0,0.0
2021-06-06,124,0.0,0.0
2021-06-07,144,0.0,0.0
2021-06-08,144,0.0,0.0
2021-06-09,125,0.0,0.0
2021-06-10,115,0.0,0.0
2021-06-11,112,0.0,0.0
2021-06-12,128,0.0,0.0
2021-06-13,125,0.0,0.0
2021-06-14,133,0.0,0.0
2021-06-15,127,0.0,0.0
2021-06-16,135,0.0,0.0
2021-06-17,136,0.0,0.0
2021-06-18,125,0.0,0.0
2021-06-19,116,0.0,0.0
2021-06-20,131,0.0,0.0
2021-06-21,130,0.0,0.0
2021-06-22,102,0.0,0.0
2021-06-23,153,0.0,0.0
2021-06-24,114,0.0,0.0
2021-06-25,89,0.0,0.0
2021-06-26,87,0.0,0.0
2021-06-27,104,0.0,0.0
2021-06-28,98,0.0,0.0
2021-06-29,139,0.0,0.0
2021-06-30,162,0.0,0.0
2021-07-01,197,0.0,0.0
2021-07-02,197,0.0,0.0
2021-07-03,140,0.0,0.0
2021-07-04,173,0.0,0.0
2021-07-05,161,0.0,0.0
2021-07-06,148,0.0,0.0
2021-07-07,120,0.0,0.0
2021-07-08,152,0.0,0.0
2021-07-09,122,0.0,0.0
2021-07-10,112,0.0,0.0
2021-07-11,123,0.0,0.0
2021-07-12,138,0.0,0.0
2021-07-13,134,0.0,0.0
2021-07-14,155,0.0,0.0
2021-07-15,167,0.0,0.0
2021-07-16,157,0.0,0.0
2021-07-17,157,0.0,0.0
2021-07-18,142,0.0,0.0
2021-07-19,185,0.0,0.0
2021-07-20,159,0.0,0.0
2021-07-21,168,0.0,0.0
2021-07-22,231,0.0,0.0
2021-07-23,156,0.0,0.0
2021-07-24,146,0.0,0.0
2021-07-25,132,0.0,0.0
2021-07-26,120,0.0,0.0
2021-07-27,164,0.0,0.0
2021-07-28,161,0.0,0.0
2021-07-29,158,0.0,0.0
2021-07-30,127,0.0,0.0
2021-07-31,110,0.0,0.0
2021-08-01,158,0.0,0.0
2021-08-02,134,0.0,0.0
2021-08-03,162,0.0,0.0
2021-08-04,174,0.0,0.0
2021-08-05,137,0.0,0.0
2021-08-06,152,0.0,0.0
2021-08-07,107,0.0,0.0
2021-08-08,109,0.0,0.0
2021-08-09,145,0.0,0.0
2021-08-10,172,0.0,0.0
2021-08-11,128,0.0,0.0
2021-08-12,122,0.0,0.0
2021-08-13,125,0.0,0.0
2021-08-14,170,0.0,0.0
2021-08-15,156,0.0,0.0
2021-08-16,137,0.0,0.0
2021-08-17,162,0.0,0.0
2021-08-18,174,0.0,0.0
2021-08-19,152,0.0,0.0
2021-08-20,135,0.0,0.0
2021-08-21,122,0.0,0.0
2021-08-22,153,0.0,0.0
2021-08-23,179,0.0,0.0
2021-08-24,148,0.0,0.0
2021-08-25,168,0.0,0.0
2021-08-26,142,0.0,0.0
2021-08-27,154,0.0,0.0
2021-08-28,128,0.0,0.0
2021-08-29,135,0.0,0.0
2021-08-30,162,0.0,0.0
2021-08-31,171,0.0,0.0
2021-09-01,206,0.0,0.0
2021-09-02,147,0.0,0.0
2021-09-03,147,0.0,0.0
2021-09-04,173,0.0,0.0
2021-09-05,181,0.0,0.0
2021-09-06,175,0.0,0.0
2021-09-07,178,0.0,0.0
2021-09-08,166,0.0,0.0
2021-09-09,150,0.0,0.0
2021-09-10,150,0.0,0.0
2021-09-11,129,0.0,0.0
2021-09-12,157,0.0,0.0
2021-09-13,148,0.0,0.0
2021-09-14,166,0.0,0.0
2021-09-15,176,0.0,0.0
2021-09-16,136,0.0,0.0
2021-09-17,195,0.0,0.0
2021-09-18,148,0.0,0.0
2021-09-19,148,0.0,0.0
2021-09-20,155,0.0,0.0
2021-09-21,178,0.0,0.0
2021-09-22,181,0.0,0.0
2021-09-23,158,0.0,0.0
2021-09-24,144,0.0,0.0
2021-09-25,141,0.0,0.0
2021-09-26,125,0.0,0.0
2021-09-27,157,0.0,0.0
2021-09-28,133,0.0,0.0
2021-09-29,168,0.0,0.0
2021-09-30,183,0.0,0.0
2021-10-01,152,0.0,0.0
2021-10-02,161,0.0,0.0
2021-10-03,143,0.0,0.0
2021-10-04,203,0.0,0.0
2021-10-05,214,0.0,0.0
2021-10-06,200,0.0,0.0
2021-10-07,193,0.0,0.0
2021-10-08,166,0.0,0.0
2021-10-09,147,0.0,0.0
2021-10-10,163,0.0,0.0
2021-10-11,146,0.0,0.0
2021-10-12,134,134.0,0.0
2021-10-13,141,34.0,0.0
2021-10-14,149,17.0,0.0
2021-10-15,142,7.0,0.0
2021-10-16,130,19.0,0.0
2021-10-17,119,17.0,0.0
2021-10-18,167,30.0,0.0
2021-10-19,131,27.0,0.0
2021-10-20,134,63.0,0.0
2021-10-21,197,32.0,0.0
2021-10-22,213,33.0,0.0
2021-10-23,194,25.0,0.0
2021-10-24,164,34.0,0.0
2021-10-25,150,41.0,0.0
2021-10-26,169,26.0,0.0
2021-10-27,176,45.0,0.0
2021-10-28,163,54.0,0.0
2021-10-29,161,6.0,0.0
2021-10-30,192,0.0,0.0
2021-10-31,168,0.0,0.0
2021-11-01,223,0.0,0.0
2021-11-02,149,4.0,0.0
2021-11-03,174,35.0,0.0
2021-11-04,184,61.0,0.0
2021-11-05,130,28.0,0.0
2021-11-06,185,23.0,0.0
2021-11-07,187,32.0,0.0
2021-11-08,154,140.0,0.0
2021-11-09,154,37.0,0.0
2021-11-10,211,39.0,0.0
2021-11-11,161,47.0,0.0
2021-11-12,156,35.0,0.0
2021-11-13,141,30.0,0.0
2021-11-14,178,42.0,0.0
2021-11-15,143,44.0,0.0
2021-11-16,167,44.0,0.0
2021-11-17,141,53.0,0.0
2021-11-18,187,82.0,0.0
2021-11-19,178,46.0,0.0
2021-11-20,185,48.0,0.0
2021-11-21,150,45.0,0.0
2021-11-22,163,49.0,0.0
2021-11-23,193,43.0,0.0
2021-11-24,186,58.0,0.0
2021-11-25,177,52.0,0.0
2021-11-26,177,57.0,0.0
2021-11-27,148,45.0,0.0
2021-11-28,208,54.0,0.0
2021-11-29,180,50.0,0.0
2021-11-30,190,82.0,0.0
2021-12-01,189,46.0,0.0
2021-12-02,169,59.0,0.0
2021-12-03,138,38.0,0.0
2021-12-04,172,56.0,0.0
2021-12-05,188,51.0,0.0
2021-12-06,175,58.0,0.0
2021-12-07,175,44.0,0.0
2021-12-08,193,51.0,0.0
2021-12-09,192,44.0,0.0
2021-12-10,150,46.0,0.0
2021-12-11,131,62.0,0.0
2021-12-12,166,24.0,0.0
2021-12-13,175,43.0,0.0
2021-12-14,241,50.0,0.0
2021-12-15,216,26.0,0.0
2021-12-16,219,33.0,0.0
2021-12-17,244,33.0,0.0
2021-12-18,186,41.0,0.0
2021-12-19,259,22.0,0.0
2021-12-20,289,29.0,0.0
2021-12-21,181,52.0,0.0
2021-12-22,216,42.0,0.0
2021-12-23,218,37.0,0.0
2021-12-24,151,50.0,0.0
2021-12-25,190,55.0,0.0
2021-12-26,201,66.0,0.0
2021-12-27,229,40.0,0.0
2021-12-28,200,41.0,0.0
2021-12-29,214,37.0,0.0
2021-12-30,226,35.0,0.0
2021-12-31,120,45.0,0.0
2022-01-01,127,48.0,0.0
2022-01-02,157,47.0,0.0
2022-01-03,194,39.0,0.0
2022-01-04,184,55.0,0.0
2022-01-05,193,43.0,0.0
2022-01-06,183,54.0,0.0
2022-01-07,193,64.0,0.0
2022-01-08,213,58.0,0.0
2022-01-09,207,49.0,0.0
2022-01-10,202,69.0,0.0
2022-01-11,197,47.0,0.0
2022-01-12,178,59.0,0.0
2022-01-13,173,54.0,0.0
2022-01-14,158,49.0,0.0
2022-01-15,139,47.0,0.0
2022-01-16,230,43.0,0.0
2022-01-17,172,32.0,0.0
2022-01-18,221,47.0,0.0
2022-01-19,197,62.0,0.0
2022-01-20,215,43.0,0.0
2022-01-21,142,67.0,0.0
2022-01-22,165,54.0,0.0
2022-01-23,185,46.0,25.0
2022-01-24,224,40.0,45.0
2022-01-25,164,52.0,25.0
2022-01-26,201,57.0,9.0
2022-01-27,178,40.0,20.0
2022-01-28,156,60.0,50.0
2022-01-29,176,48.0,20.0
2022-01-30,206,52.0,13.0
2022-01-31,158,53.0,46.0
2022-02-01,156,62.0,18.0
2022-02-02,162,68.0,15.0
2022-02-03,156,66.0,17.0
2022-02-04,199,52.0,30.0
2022-02-05,169,50.0,25.0
2022-02-06,203,50.0,30.0
2022-02-07,193,55.0,32.0
2022-02-08,173,60.0,17.0
2022-02-09,197,58.0,33.0
2022-02-10,210,58.0,18.0
2022-02-11,200,57.0,29.0
2022-02-12,225,39.0,23.0
2022-02-13,163,33.0,21.0
2022-02-14,208,37.0,17.0
2022-02-15,195,38.0,18.0
2022-02-16,205,41.0,16.0
2022-02-17,189,54.0,14.0
2022-02-18,154,39.0,13.0
2022-02-19,248,34.0,15.0
2022-02-20,281,49.0,17.0
2022-02-21,301,47.0,7.0
2022-02-22,236,30.0,14.0
2022-02-23,219,50.0,27.0
2022-02-24,219,61.0,11.0
2022-02-25,175,29.0,7.0
2022-02-26,208,45.0,15.0
2022-02-27,186,29.0,18.0
2022-02-28,255,43.0,8.0
2022-03-01,179,48.0,4.0
2022-03-02,177,45.0,19.0
2022-03-03,221,23.0,13.0
2022-03-04,182,35.0,21.0
2022-03-05,200,30.0,20.0
2022-03-06,184,41.0,15.0
2022-03-07,195,55.0,17.0
2022-03-08,157,39.0,12.0
2022-03-09,157,44.0,23.0
2022-03-10,154,34.0,119.0
2022-03-11,157,43.0,35.0
2022-03-12,199,23.0,22.0
2022-03-13,162,30.0,41.0
2022-03-14,148,34.0,28.0
2022-03-15,165,43.0,21.0
2022-03-16,141,50.0,16.0
2022-03-17,142,37.0,9.0
2022-03-18,148,33.0,24.0
2022-03-19,420,29.0,12.0
2022-03-20,283,43.0,10.0
2022-03-21,201,38.0,10.0
2022-03-22,162,38.0,18.0
2022-03-23,139,33.0,12.0
2022-03-24,157,41.0,19.0
2022-03-25,160,35.0,7.0
2022-03-26,137,26.0,8.0
2022-03-27,132,56.0,19.0
2022-03-28,160,53.0,15.0
2022-03-29,214,35.0,12.0
2022-03-30,185,54.0,34.0
2022-03-31,160,29.0,11.0
2022-04-01,135,32.0,6.0
2022-04-02,156,39.0,7.0
2022-04-03,189,32.0,7.0
2022-04-04,239,42.0,11.0
2022-04-05,289,45.0,7.0
2022-04-06,278,52.0,15.0
2022-04-07,272,35.0,10.0
2022-04-08,328,56.0,6.0
2022-04-09,280,34.0,8.0
2022-04-10,241,42.0,9.0
2022-04-11,289,32.0,5.0
2022-04-12,236,41.0,51.0
2022-04-13,255,33.0,10.0
2022-04-14,271,53.0,19.0
2022-04-15,264,47.0,9.0
2022-04-16,235,48.0,5.0
2022-04-17,205,31.0,3.0
2022-04-18,259,47.0,3.0
2022-04-19,218,46.0,14.0
2022-04-20,140,53.0,5.0
2022-04-21,179,86.0,3.0
2022-04-22,176,69.0,7.0
2022-04-23,149,39.0,5.0
2022-04-24,140,40.0,1.0
2022-04-25,177,52.0,14.0
2022-04-26,196,76.0,11.0
2022-04-27,224,63.0,10.0
2022-04-28,190,43.0,11.0
2022-04-29,173,37.0,15.0
2022-04-30,142,22.0,20.0
2022-05-01,140,32.0,3.0
2022-05-02,203,37.0,9.0
2022-05-03,156,36.0,17.0
2022-05-04,192,33.0,7.0
2022-05-05,155,34.0,12.0
2022-05-06,153,61.0,4.0
2022-05-07,138,39.0,7.0
2022-05-08,117,32.0,2.0
2022-05-09,148,20.0,13.0
2022-05-10,151,31.0,11.0
2022-05-11,158,29.0,2.0
2022-05-12,174,27.0,5.0
2022-05-13,136,37.0,5.0
2022-05-14,103,29.0,10.0
2022-05-15,112,33.0,7.0
2022-05-16,134,30.0,12.0
2022-05-17,143,43.0,4.0
2022-05-18,179,31.0,10.0
2022-05-19,164,30.0,4.0
2022-05-20,144,44.0,7.0
2022-05-21,128,35.0,7.0
2022-05-22,122,35.0,3.0
2022-05-23,150,36.0,2.0
2022-05-24,143,29.0,8.0
2022-05-25,161,37.0,5.0
2022-05-26,143,35.0,2.0
2022-05-27,136,22.0,2.0
2022-05-28,134,26.0,6.0
2022-05-29,100,24.0,2.0
2022-05-30,123,37.0,9.0
2022-05-31,107,35.0,28.0
2022-06-01,125,31.0,10.0
2022-06-02,134,41.0,2.0
2022-06-03,113,32.0,14.0
2022-06-04,96,33.0,3.0
2022-06-05,129,26.0,2.0
2022-06-06,132,20.0,4.0
2022-06-07,150,31.0,7.0
2022-06-08,140,21.0,6.0
2022-06-09,143,16.0,11.0
2022-06-10,108,23.0,2.0
2022-06-11,83,24.0,5.0
2022-06-12,107,33.0,1.0
2022-06-13,119,42.0,6.0
2022-06-14,119,20.0,12.0
2022-06-15,153,33.0,12.0
2022-06-16,123,30.0,4.0
2022-06-17,123,45.0,9.0
2022-06-18,131,26.0,2.0
2022-06-19,119,18.0,6.0
2022-06-20,118,23.0,2.0
2022-06-21,127,26.0,3.0
2022-06-22,137,45.0,4.0
2022-06-23,119,22.0,5.0
2022-06-24,142,48.0,10.0
2022-06-25,126,19.0,4.0
2022-06-26,119,33.0,3.0
2022-06-27,132,18.0,9.0
2022-06-28,275,28.0,9.0
2022-06-29,120,21.0,5.0
2022-06-30,131,22.0,3.0
2022-07-01,99,33.0,8.0
2022-07-02,123,17.0,6.0
2022-07-03,91,19.0,3.0
2022-07-04,152,17.0,3.0
2022-07-05,119,15.0,2.0
2022-07-06,130,37.0,7.0
2022-07-07,120,31.0,4.0
2022-07-08,137,22.0,7.0
2022-07-09,94,23.0,2.0
2022-07-10,120,39.0,3.0
2022-07-11,145,25.0,10.0
2022-07-12,154,23.0,7.0
2022-07-13,125,22.0,40.0
2022-07-14,150,26.0,13.0
2022-07-15,98,32.0,25.0
2022-07-16,107,10.0,22.0
2022-07-17,123,35.0,17.0
2022-07-18,258,30.0,18.0
2022-07-19,203,13.0,26.0
2022-07-20,187,20.0,18.0
2022-07-21,212,84.0,39.0
2022-07-22,135,22.0,6.0
2022-07-23,119,23.0,10.0
2022-07-24,111,25.0,5.0
2022-07-25,156,32.0,9.0
2022-07-26,158,28.0,15.0
2022-07-27,159,32.0,24.0
2022-07-28,181,20.0,19.0
2022-07-29,176,30.0,12.0
2022-07-30,114,24.0,8.0
2022-07-31,137,20.0,13.0
2022-08-01,142,35.0,15.0
2022-08-02,138,29.0,10.0
2022-08-03,143,30.0,5.0
2022-08-04,128,27.0,13.0
2022-08-05,116,30.0,10.0
2022-08-06,110,24.0,7.0
2022-08-07,130,18.0,17.0
2022-08-08,125,21.0,10.0
2022-08-09,122,30.0,2.0
2022-08-10,141,19.0,13.0
2022-08-11,115,29.0,15.0
2022-08-12,126,30.0,9.0
2022-08-13,113,22.0,12.0
2022-08-14,96,27.0,6.0
2022-08-15,105,19.0,7.0
2022-08-16,116,20.0,17.0
2022-08-17,146,28.0,9.0
2022-08-18,154,41.0,8.0
2022-08-19,176,44.0,6.0
2022-08-20,125,31.0,6.0
2022-08-21,132,18.0,8.0
2022-08-22,152,36.0,7.0
2022-08-23,124,24.0,14.0
2022-08-24,135,24.0,6.0
2022-08-25,116,28.0,10.0
2022-08-26,135,31.0,9.0
2022-08-27,126,31.0,8.0
2022-08-28,119,21.0,13.0
2022-08-29,139,51.0,15.0
2022-08-30,124,19.0,9.0
2022-08-31,125,26.0,10.0
2022-09-01,171,77.0,12.0
2022-09-02,209,31.0,11.0
2022-09-03,181,26.0,13.0
2022-09-04,186,31.0,9.0
2022-09-05,174,31.0,13.0
2022-09-06,170,44.0,27.0
2022-09-07,141,45.0,4.0
2022-09-08,140,34.0,16.0
2022-09-09,136,27.0,14.0
2022-09-10,114,35.0,12.0
2022-09-11,113,41.0,15.0
2022-09-12,123,43.0,12.0
2022-09-13,119,36.0,23.0
2022-09-14,127,31.0,12.0
2022-09-15,143,53.0,12.0
2022-09-16,102,47.0,5.0
2022-09-17,125,39.0,9.0
2022-09-18,128,21.0,10.0
2022-09-19,157,45.0,7.0
2022-09-20,140,44.0,8.0
2022-09-21,118,50.0,15.0
2022-09-22,151,40.0,7.0
2022-09-23,119,37.0,7.0
2022-09-24,127,44.0,11.0
2022-09-25,100,24.0,8.0
2022-09-26,149,35.0,16.0
2022-09-27,148,29.0,13.0
2022-09-28,118,40.0,3.0
2022-09-29,394,40.0,2.0
2022-09-30,849,39.0,12.0
2022-10-01,407,47.0,13.0
2022-10-02,201,44.0,8.0
2022-10-03,154,21.0,7.0
2022-10-04,144,53.0,4.0
2022-10-05,188,33.0,9.0
2022-10-06,135,41.0,17.0
2022-10-07,123,43.0,11.0
2022-10-08,118,26.0,23.0
2022-10-09,124,24.0,8.0
2022-10-10,126,44.0,24.0
2022-10-11,134,47.0,9.0
2022-10-12,128,31.0,11.0
2022-10-13,137,44.0,11.0
2022-10-14,126,26.0,7.0
2022-10-15,131,27.0,9.0
2022-10-16,94,40.0,5.0
2022-10-17,122,56.0,9.0
2022-10-18,114,35.0,4.0
2022-10-19,333,39.0,4.0
2022-10-20,238,43.0,9.0
2022-10-21,172,37.0,9.0
2022-10-22,164,28.0,2.0
2022-10-23,144,57.0,16.0
2022-10-24,158,40.0,15.0
2022-10-25,195,49.0,14.0
2022-10-26,149,50.0,23.0
2022-10-27,188,39.0,9.0
2022-10-28,182,41.0,6.0
2022-10-29,159,32.0,3.0
2022-10-30,145,54.0,3.0
2022-10-31,173,47.0,13.0
2022-11-01,131,59.0,7.0
2022-11-02,133,59.0,6.0
2022-11-03,147,67.0,7.0
2022-11-04,220,40.0,10.0
2022-11-05,178,57.0,12.0
2022-11-06,185,38.0,9.0
2022-11-07,172,41.0,6.0
2022-11-08,131,32.0,9.0
2022-11-09,163,54.0,12.0
2022-11-10,160,32.0,10.0
2022-11-11,119,27.0,10.0
2022-11-12,116,41.0,18.0
2022-11-13,117,52.0,3.0
2022-11-14,130,48.0,8.0
2022-11-15,131,44.0,8.0
2022-11-16,124,88.0,9.0
2022-11-17,125,50.0,4.0
2022-11-18,114,47.0,7.0
2022-11-19,113,22.0,6.0
2022-11-20,117,29.0,13.0
2022-11-21,110,35.0,1.0
2022-11-22,131,35.0,6.0
2022-11-23,130,71.0,7.0
2022-11-24,98,30.0,17.0
2022-11-25,122,41.0,7.0
2022-11-26,94,49.0,9.0
2022-11-27,116,46.0,1.0
2022-11-28,113,48.0,15.0
2022-11-29,103,44.0,3.0
2022-11-30,124,30.0,7.0
2022-12-01,105,35.0,4.0
2022-12-02,96,30.0,6.0
2022-12-03,91,25.0,7.0
2022-12-04,86,24.0,6.0
2022-12-05,94,49.0,7.0
2022-12-06,117,34.0,10.0
2022-12-07,138,38.0,6.0
2022-12-08,91,35.0,11.0
2022-12-09,115,39.0,4.0
2022-12-10,113,18.0,6.0
2022-12-11,128,31.0,9.0
2022-12-12,113,35.0,12.0
2022-12-13,146,24.0,3.0
2022-12-14,88,24.0,7.0
2022-12-15,129,32.0,7.0
2022-12-16,93,33.0,1.0
2022-12-17,153,26.0,8.0
2022-12-18,187,27.0,6.0
2022-12-19,170,39.0,13.0
2022-12-20,208,40.0,6.0
2022-12-21,206,16.0,3.0
2022-12-22,177,37.0,2.0
2022-12-23,120,34.0,4.0
2022-12-24,108,17.0,4.0
2022-12-25,135,17.0,6.0
2022-12-26,113,18.0,18.0
2022-12-27,160,43.0,5.0
2022-12-28,144,26.0,10.0
2022-12-29,122,19.0,9.0
2022-12-30,150,33.0,8.0
2022-12-31,129,37.0,5.0
2023-01-01,139,15.0,5.0
2023-01-02,116,28.0,9.0
2023-01-03,107,35.0,10.0
2023-01-04,110,42.0,14.0
2023-01-05,119,40.0,8.0
2023-01-06,108,34.0,9.0
2023-01-07,82,44.0,11.0
2023-01-08,95,40.0,7.0
2023-01-09,106,43.0,11.0
2023-01-10,91,50.0,20.0
2023-01-11,93,46.0,6.0
2023-01-12,79,29.0,7.0
2023-01-13,93,65.0,9.0
2023-01-14,87,22.0,14.0
2023-01-15,117,34.0,7.0
2023-01-16,120,55.0,10.0
2023-01-17,162,68.0,32.0
2023-01-18,112,40.0,8.0
2023-01-19,95,28.0,11.0
2023-01-20,74,55.0,4.0
2023-01-21,103,36.0,8.0
2023-01-22,101,31.0,7.0
2023-01-23,67,32.0,9.0
2023-01-24,200,25.0,12.0
2023-01-25,119,45.0,7.0
2023-01-26,81,25.0,6.0
2023-01-27,68,40.0,8.0
2023-01-28,79,48.0,3.0
2023-01-29,76,32.0,5.0
2023-01-30,83,42.0,37.0
2023-01-31,79,42.0,3.0
2023-02-01,93,38.0,3.0
2023-02-02,91,43.0,5.0
2023-02-03,121,37.0,14.0
2023-02-04,81,27.0,5.0
2023-02-05,77,33.0,5.0
2023-02-06,91,32.0,7.0
2023-02-07,84,45.0,9.0
2023-02-08,94,24.0,26.0
2023-02-09,81,37.0,5.0
2023-02-10,102,37.0,6.0
2023-02-11,65,30.0,7.0
2023-02-12,66,36.0,10.0
2023-02-13,61,42.0,6.0
2023-02-14,80,35.0,10.0
2023-02-15,90,34.0,7.0
2023-02-16,82,39.0,4.0
2023-02-17,96,55.0,13.0
2023-02-18,62,57.0,6.0
2023-02-19,102,48.0,7.0
2023-02-20,99,47.0,7.0
2023-02-21,86,54.0,12.0
2023-02-22,94,44.0,4.0
2023-02-23,90,50.0,9.0
2023-02-24,101,53.0,8.0
2023-02-25,93,52.0,6.0
2023-02-26,75,37.0,2.0
2023-02-27,102,36.0,4.0
2023-02-28,106,35.0,8.0
2023-03-01,80,32.0,9.0
2023-03-02,67,31.0,4.0
2023-03-03,90,40.0,5.0
2023-03-04,198,29.0,6.0
2023-03-05,47,42.0,3.0
2023-03-06,87,35.0,2.0
2023-03-07,73,36.0,10.0
2023-03-08,103,40.0,5.0
2023-03-09,89,32.0,3.0
2023-03-10,82,27.0,8.0
2023-03-11,64,33.0,6.0
2023-03-12,95,25.0,12.0
2023-03-13,92,23.0,10.0
2023-03-14,96,34.0,12.0
2023-03-15,91,56.0,10.0
2023-03-16,121,37.0,14.0
2023-03-17,81,37.0,12.0
2023-03-18,60,27.0,4.0
2023-03-19,75,25.0,4.0
2023-03-20,81,32.0,3.0
2023-03-21,90,41.0,7.0
2023-03-22,76,30.0,6.0
2023-03-23,97,66.0,7.0
2023-03-24,104,33.0,5.0
2023-03-25,52,27.0,3.0
2023-03-26,77,36.0,2.0
2023-03-27,92,33.0,16.0
2023-03-28,74,46.0,12.0
2023-03-29,110,33.0,10.0
2023-03-30,122,33.0,6.0
2023-03-31,108,42.0,22.0
2023-04-01,106,59.0,10.0
2023-04-02,75,24.0,5.0
2023-04-03,91,35.0,8.0
2023-04-04,96,53.0,32.0
2023-04-05,103,42.0,21.0
2023-04-06,97,33.0,12.0
2023-04-07,93,40.0,8.0
2023-04-08,74,40.0,11.0
2023-04-09,87,24.0,7.0
2023-04-10,87,34.0,8.0
2023-04-11,77,30.0,7.0
2023-04-12,69,40.0,8.0
2023-04-13,97,31.0,14.0
2023-04-14,62,31.0,12.0
2023-04-15,60,26.0,6.0
2023-04-16,169,24.0,6.0
2023-04-17,165,29.0,9.0
2023-04-18,144,28.0,8.0
2023-04-19,106,41.0,6.0
2023-04-20,91,26.0,15.0
2023-04-21,76,31.0,3.0
2023-04-22,68,31.0,6.0
2023-04-23,83,24.0,1.0
2023-04-24,116,53.0,8.0
2023-04-25,112,31.0,8.0
2023-04-26,135,23.0,7.0
2023-04-27,83,34.0,3.0
2023-04-28,112,29.0,5.0
2023-04-29,83,21.0,3.0
2023-04-30,79,30.0,4.0
2023-05-01,86,28.0,6.0
2023-05-02,100,27.0,9.0
2023-05-03,162,34.0,5.0
2023-05-04,143,40.0,12.0
2023-05-05,142,38.0,11.0
2023-05-06,121,44.0,6.0
2023-05-07,136,29.0,4.0
2023-05-08,136,37.0,7.0
2023-05-09,133,42.0,10.0
2023-05-10,204,38.0,11.0
2023-05-11,162,38.0,9.0
2023-05-12,287,31.0,12.0
2023-05-13,143,20.0,3.0
2023-05-14,156,26.0,4.0
2023-05-15,152,28.0,11.0
2023-05-16,156,29.0,6.0
2023-05-17,178,54.0,8.0
2023-05-18,202,46.0,29.0
2023-05-19,227,52.0,18.0
2023-05-20,141,34.0,3.0
2023-05-21,142,36.0,18.0
2023-05-22,125,31.0,9.0
2023-05-23,97,32.0,6.0
2023-05-24,117,52.0,9.0
2023-05-25,137,37.0,7.0
2023-05-26,131,30.0,19.0
2023-05-27,95,39.0,5.0
2023-05-28,108,28.0,6.0
2023-05-29,94,29.0,7.0
2023-05-30,124,30.0,19.0
2023-05-31,98,32.0,10.0
2023-06-01,114,32.0,5.0
2023-06-02,84,36.0,14.0
2023-06-03,84,36.0,7.0
2023-06-04,104,32.0,3.0
2023-06-05,126,31.0,8.0
2023-06-06,117,27.0,11.0
2023-06-07,108,39.0,6.0
2023-06-08,116,38.0,5.0
2023-06-09,181,23.0,3.0
2023-06-10,153,26.0,9.0
2023-06-11,141,30.0,3.0
2023-06-12,202,27.0,5.0
2023-06-13,192,46.0,2.0
2023-06-14,172,31.0,11.0
2023-06-15,117,35.0,10.0
2023-06-16,121,22.0,8.0
2023-06-17,123,29.0,9.0
2023-06-18,132,24.0,2.0
2023-06-19,132,29.0,4.0
2023-06-20,148,36.0,4.0
2023-06-21,82,47.0,9.0
2023-06-22,98,38.0,17.0
2023-06-23,101,35.0,7.0
2023-06-24,474,26.0,4.0
2023-06-25,77,66.0,4.0
2023-06-26,111,28.0,9.0
2023-06-27,107,29.0,9.0
2023-06-28,188,26.0,9.0
2023-06-29,211,47.0,12.0
2023-06-30,137,42.0,11.0
2023-07-01,130,22.0,2.0
2023-07-02,195,26.0,5.0
2023-07-03,105,23.0,4.0
2023-07-04,87,29.0,3.0
2023-07-05,107,47.0,7.0
2023-07-06,116,42.0,9.0
2023-07-07,91,27.0,5.0
2023-07-08,87,27.0,7.0
2023-07-09,119,31.0,4.0
2023-07-10,101,31.0,25.0
2023-07-11,106,36.0,8.0
2023-07-12,105,102.0,7.0
2023-07-13,90,32.0,6.0
2023-07-14,95,37.0,7.0
2023-07-15,80,20.0,5.0
2023-07-16,71,28.0,14.0
2023-07-17,79,32.0,8.0
2023-07-18,103,51.0,4.0
2023-07-19,102,36.0,9.0
2023-07-20,99,33.0,2.0
2023-07-21,69,37.0,4.0
2023-07-22,84,38.0,8.0
2023-07-23,113,22.0,4.0
2023-07-24,115,20.0,12.0
2023-07-25,134,31.0,2.0
2023-07-26,134,36.0,11.0
2023-07-27,97,34.0,6.0
2023-07-28,107,34.0,21.0
2023-07-29,195,34.0,5.0
2023-07-30,153,26.0,2.0
2023-07-31,179,41.0,3.0
2023-08-01,134,50.0,14.0
2023-08-02,110,45.0,26.0
2023-08-03,85,25.0,6.0
2023-08-04,127,29.0,4.0
2023-08-05,164,15.0,6.0
2023-08-06,115,30.0,9.0
2023-08-07,124,20.0,4.0
2023-08-08,111,33.0,0.0
2023-08-09,113,26.0,5.0
2023-08-10,110,32.0,10.0
2023-08-11,94,34.0,1.0
2023-08-12,96,39.0,4.0
2023-08-13,108,40.0,7.0
2023-08-14,102,44.0,20.0
2023-08-15,112,52.0,4.0
2023-08-16,110,58.0,4.0
2023-08-17,118,44.0,1.0
2023-08-18,131,49.0,16.0
2023-08-19,118,42.0,5.0
2023-08-20,94,41.0,2.0
2023-08-21,88,44.0,2.0
2023-08-22,144,38.0,4.0
2023-08-23,150,29.0,9.0
2023-08-24,90,46.0,6.0
2023-08-25,95,44.0,9.0
2023-08-26,93,51.0,7.0
2023-08-27,97,64.0,10.0
2023-08-28,118,38.0,6.0
2023-08-29,122,50.0,8.0
2023-08-30,220,41.0,14.0
2023-08-31,176,28.0,4.0
2023-09-01,73,39.0,5.0
2023-09-02,82,48.0,13.0
2023-09-03,106,51.0,8.0
2023-09-04,85,39.0,9.0
2023-09-05,91,48.0,2.0
2023-09-06,114,59.0,8.0
2023-09-07,134,54.0,8.0
2023-09-08,79,58.0,6.0
2023-09-09,69,27.0,4.0
2023-09-10,76,44.0,8.0
2023-09-11,116,42.0,7.0
2023-09-12,107,46.0,9.0
2023-09-13,108,36.0,7.0
2023-09-14,80,35.0,8.0
2023-09-15,69,32.0,7.0
2023-09-16,98,27.0,1.0
2023-09-17,83,31.0,6.0
2023-09-18,110,31.0,7.0
2023-09-19,79,32.0,6.0
2023-09-20,124,48.0,10.0
2023-09-21,95,47.0,12.0
2023-09-22,74,38.0,8.0
2023-09-23,96,39.0,6.0
2023-09-24,117,46.0,4.0
2023-09-25,84,37.0,9.0
2023-09-26,124,52.0,8.0
2023-09-27,95,36.0,15.0
2023-09-28,58,37.0,10.0
2023-09-29,68,52.0,8.0
2023-09-30,89,34.0,9.0
2023-10-01,75,73.0,7.0
2023-10-02,52,52.0,5.0
2023-10-03,80,50.0,6.0
2023-10-04,114,44.0,9.0
2023-10-05,98,32.0,10.0
2023-10-06,84,35.0,5.0
2023-10-07,154,32.0,6.0
2023-10-08,95,57.0,16.0
2023-10-09,112,38.0,10.0
2023-10-10,98,43.0,17.0
2023-10-11,76,57.0,3.0
2023-10-12,81,45.0,8.0
2023-10-13,75,34.0,6.0
2023-10-14,46,53.0,7.0
2023-10-15,78,43.0,4.0
2023-10-16,73,34.0,8.0
2023-10-17,85,44.0,11.0
2023-10-18,72,30.0,5.0
2023-10-19,93,47.0,12.0
2023-10-20,121,45.0,8.0
2023-10-21,79,44.0,9.0
2023-10-22,82,35.0,9.0
2023-10-23,78,35.0,6.0
2023-10-24,78,43.0,12.0
2023-10-25,121,58.0,7.0
2023-10-26,99,62.0,3.0
2023-10-27,94,46.0,5.0
2023-10-28,78,37.0,4.0
2023-10-29,77,80.0,8.0
2023-10-30,96,53.0,6.0
2023-10-31,72,55.0,13.0
2023-11-01,136,49.0,4.0
2023-11-02,117,72.0,6.0
2023-11-03,94,57.0,3.0
2023-11-04,69,40.0,9.0
2023-11-05,81,35.0,15.0
2023-11-06,109,44.0,14.0
2023-11-07,78,31.0,4.0
2023-11-08,79,43.0,7.0
2023-11-09,99,53.0,10.0
2023-11-10,88,41.0,8.0
2023-11-11,60,69.0,13.0
2023-11-12,90,66.0,8.0
2023-11-13,74,110.0,5.0
2023-11-14,87,38.0,6.0
2023-11-15,106,25.0,6.0
2023-11-16,79,37.0,6.0
2023-11-17,89,42.0,10.0
2023-11-18,71,36.0,7.0
2023-11-19,74,34.0,6.0
2023-11-20,87,43.0,16.0
2023-11-21,97,35.0,6.0
2023-11-22,83,64.0,5.0
2023-11-23,67,66.0,9.0
2023-11-24,76,33.0,6.0
2023-11-25,68,27.0,5.0
2023-11-26,60,27.0,7.0
2023-11-27,86,39.0,8.0
2023-11-28,79,29.0,9.0
2023-11-29,66,56.0,28.0
2023-11-30,72,36.0,4.0
2023-12-01,63,44.0,9.0
2023-12-02,63,26.0,2.0
2023-12-03,65,29.0,9.0
2023-12-04,62,34.0,9.0
2023-12-05,102,31.0,6.0
2023-12-06,89,39.0,11.0
2023-12-07,124,46.0,11.0
2023-12-08,137,41.0,16.0
2023-12-09,124,40.0,6.0
2023-12-10,92,23.0,11.0
2023-12-11,76,46.0,12.0
2023-12-12,85,65.0,5.0
2023-12-13,89,40.0,5.0
2023-12-14,114,50.0,11.0
2023-12-15,86,47.0,10.0
2023-12-16,101,41.0,1.0
2023-12-17,169,26.0,7.0
2023-12-18,97,40.0,2.0
2023-12-19,83,37.0,5.0
2023-12-20,80,38.0,13.0
2023-12-21,99,28.0,4.0
2023-12-22,120,57.0,3.0
2023-12-23,84,38.0,3.0
2023-12-24,96,40.0,14.0
2023-12-25,127,43.0,4.0
2023-12-26,119,29.0,12.0
2023-12-27,74,40.0,7.0
2023-12-28,109,30.0,1.0
2023-12-29,113,32.0,3.0
2023-12-30,107,21.0,7.0
2023-12-31,105,35.0,2.0
2024-01-01,91,39.0,5.0
2024-01-02,120,44.0,6.0
2024-01-03,113,39.0,7.0
2024-01-04,110,58.0,12.0
2024-01-05,100,47.0,3.0
2024-01-06,69,29.0,7.0
2024-01-07,89,35.0,6.0
2024-01-08,109,38.0,6.0
2024-01-09,168,47.0,5.0
2024-01-10,154,51.0,4.0
2024-01-11,169,56.0,8.0
2024-01-12,157,55.0,5.0
2024-01-13,163,56.0,3.0
2024-01-14,143,73.0,4.0
2024-01-15,150,56.0,3.0
2024-01-16,137,37.0,3.0
2024-01-17,164,62.0,5.0
2024-01-18,150,47.0,3.0
2024-01-19,133,49.0,4.0
2024-01-20,114,40.0,9.0
2024-01-21,139,31.0,2.0
2024-01-22,132,33.0,5.0
2024-01-23,189,43.0,6.0
2024-01-24,340,55.0,9.0
2024-01-25,213,31.0,8.0
2024-01-26,171,39.0,8.0
2024-01-27,214,56.0,1.0
2024-01-28,198,75.0,5.0
2024-01-29,297,35.0,10.0
2024-01-30,240,39.0,3.0
2024-01-31,271,35.0,3.0
2024-02-01,200,58.0,11.0
2024-02-02,102,26.0,9.0
2024-02-03,109,19.0,8.0
2024-02-04,112,20.0,12.0
2024-02-05,149,39.0,9.0
2024-02-06,139,47.0,10.0
2024-02-07,133,44.0,3.0
2024-02-08,131,80.0,11.0
2024-02-09,130,75.0,13.0
2024-02-10,112,50.0,9.0
2024-02-11,86,64.0,10.0
2024-02-12,102,31.0,11.0
2024-02-13,86,43.0,3.0
2024-02-14,91,33.0,8.0
2024-02-15,93,43.0,11.0
2024-02-16,109,60.0,2.0
2024-02-17,78,35.0,4.0
2024-02-18,117,33.0,9.0
2024-02-19,97,50.0,6.0
2024-02-20,137,88.0,5.0
2024-02-21,144,45.0,9.0
2024-02-22,110,38.0,7.0
2024-02-23,166,34.0,17.0
2024-02-24,117,33.0,17.0
2024-02-25,97,30.0,2.0
2024-02-26,96,34.0,8.0
2024-02-27,125,47.0,8.0
2024-02-28,141,40.0,6.0
2024-02-29,120,34.0,10.0
2024-03-01,76,35.0,5.0
2024-03-02,101,21.0,6.0
2024-03-03,82,24.0,7.0
2024-03-04,111,41.0,12.0
2024-03-05,113,58.0,7.0
2024-03-06,162,40.0,6.0
2024-03-07,108,46.0,5.0
2024-03-08,133,46.0,7.0
2024-03-09,109,29.0,7.0
2024-03-10,96,102.0,13.0
2024-03-11,106,101.0,8.0
2024-03-12,133,87.0,3.0
2024-03-13,108,68.0,6.0
2024-03-14,118,154.0,8.0
2024-03-15,133,78.0,8.0
2024-03-16,98,68.0,6.0
2024-03-17,113,61.0,9.0
2024-03-18,106,57.0,16.0
2024-03-19,129,48.0,12.0
2024-03-20,114,54.0,9.0
2024-03-21,125,91.0,6.0
2024-03-22,113,44.0,3.0
2024-03-23,139,45.0,16.0
2024-03-24,95,45.0,17.0
2024-03-25,110,44.0,7.0
2024-03-26,113,37.0,12.0
2024-03-27,118,38.0,7.0
2024-03-28,88,37.0,4.0
2024-03-29,88,64.0,6.0
2024-03-30,146,78.0,5.0
2024-03-31,145,69.0,5.0
2024-04-01,140,59.0,5.0
2024-04-02,110,32.0,5.0
2024-04-03,124,36.0,12.0
2024-04-04,116,55.0,1.0
2024-04-05,152,35.0,2.0
2024-04-06,142,36.0,2.0
2024-04-07,125,39.0,2.0
2024-04-08,183,47.0,8.0
2024-04-09,101,40.0,6.0
2024-04-10,143,42.0,4.0
2024-04-11,115,44.0,6.0
2024-04-12,120,27.0,5.0
2024-04-13,122,26.0,6.0
2024-04-14,158,33.0,7.0
2024-04-15,174,33.0,7.0
2024-04-16,150,29.0,4.0
2024-04-17,132,42.0,6.0
2024-04-18,125,54.0,9.0
2024-04-19,160,41.0,3.0
2024-04-20,109,50.0,10.0
2024-04-21,136,43.0,2.0
2024-04-22,153,37.0,2.0
2024-04-23,131,47.0,1.0
2024-04-24,155,32.0,9.0
2024-04-25,110,30.0,2.0
2024-04-26,130,27.0,5.0
2024-04-27,123,18.0,4.0
2024-04-28,129,29.0,3.0
2024-04-29,144,23.0,6.0
2024-04-30,157,20.0,9.0
2024-05-01,136,22.0,6.0
2024-05-02,153,19.0,10.0
2024-05-03,100,23.0,6.0
2024-05-04,59,19.0,5.0
2024-05-05,48,26.0,3.0
2024-05-06,83,42.0,10.0
2024-05-07,83,27.0,11.0
2024-05-08,94,38.0,17.0
2024-05-09,71,37.0,13.0
2024-05-10,67,16.0,17.0
2024-05-11,80,26.0,9.0
2024-05-12,63,24.0,3.0
2024-05-13,105,25.0,15.0
2024-05-14,75,30.0,5.0
2024-05-15,71,28.0,10.0
2024-05-16,80,26.0,7.0
2024-05-17,79,39.0,10.0
2024-05-18,57,44.0,3.0
2024-05-19,83,30.0,6.0
2024-05-20,79,38.0,6.0
2024-05-21,75,51.0,13.0
2024-05-22,72,45.0,6.0
2024-05-23,62,41.0,5.0
2024-05-24,73,50.0,4.0
2024-05-25,64,24.0,8.0
2024-05-26,68,29.0,10.0
2024-05-27,92,26.0,4.0
2024-05-28,91,27.0,8.0
2024-05-29,83,27.0,6.0
2024-05-30,105,24.0,6.0
2024-05-31,65,26.0,4.0
2024-06-01,55,11.0,3.0
2024-06-02,64,19.0,5.0
2024-06-03,77,30.0,5.0
2024-06-04,68,35.0,6.0
2024-06-05,75,24.0,13.0
2024-06-06,98,22.0,8.0
2024-06-07,65,36.0,17.0
2024-06-08,68,21.0,13.0
2024-06-09,85,20.0,3.0
2024-06-10,79,22.0,6.0
2024-06-11,93,40.0,4.0
2024-06-12,78,45.0,3.0
2024-06-13,73,24.0,7.0
2024-06-14,88,23.0,7.0
2024-06-15,76,18.0,4.0
2024-06-16,82,16.0,6.0
2024-06-17,62,14.0,4.0
2024-06-18,82,24.0,2.0
2024-06-19,131,23.0,2.0
2024-06-20,71,11.0,3.0
2024-06-21,89,33.0,3.0
2024-06-22,63,19.0,2.0
2024-06-23,77,24.0,2.0
2024-06-24,65,21.0,5.0
2024-06-25,94,23.0,2.0
2024-06-26,83,18.0,5.0
2024-06-27,91,26.0,5.0
2024-06-28,62,28.0,5.0
2024-06-29,73,11.0,2.0
2024-06-30,63,9.0,8.0
2024-07-01,78,21.0,5.0
2024-07-02,62,23.0,8.0
2024-07-03,72,26.0,2.0
2024-07-04,75,34.0,5.0
2024-07-05,62,22.0,7.0
2024-07-06,53,23.0,4.0
2024-07-07,58,20.0,2.0
2024-07-08,77,22.0,4.0
2024-07-09,75,21.0,9.0
2024-07-10,75,36.0,10.0
2024-07-11,71,22.0,8.0
2024-07-12,57,26.0,8.0
2024-07-13,68,24.0,5.0
2024-07-14,64,226.0,5.0
2024-07-15,70,40.0,4.0
2024-07-16,59,32.0,3.0
2024-07-17,67,18.0,8.0
2024-07-18,89,25.0,1.0
2024-07-19,72,26.0,7.0
2024-07-20,61,18.0,13.0
2024-07-21,67,23.0,4.0
2024-07-22,68,25.0,5.0
2024-07-23,70,25.0,7.0
2024-07-24,77,34.0,4.0
2024-07-25,90,22.0,4.0
2024-07-26,63,28.0,6.0
2024-07-27,78,23.0,7.0
2024-07-28,53,23.0,3.0
2024-07-29,66,25.0,6.0
2024-07-30,88,32.0,6.0
2024-07-31,58,37.0,6.0
2024-08-01,104,193.0,6.0
2024-08-02,112,19.0,6.0
2024-08-03,65,25.0,5.0
2024-08-04,55,26.0,4.0
2024-08-05,115,26.0,5.0
2024-08-06,171,22.0,4.0
2024-08-07,148,21.0,6.0
2024-08-08,127,18.0,6.0
2024-08-09,79,30.0,1.0
2024-08-10,118,18.0,1.0
2024-08-11,88,21.0,5.0
2024-08-12,92,21.0,5.0
2024-08-13,112,27.0,7.0
2024-08-14,84,27.0,5.0
2024-08-15,94,34.0,8.0
2024-08-16,116,19.0,10.0
2024-08-17,82,23.0,6.0
2024-08-18,73,23.0,3.0
2024-08-19,97,29.0,5.0
2024-08-20,73,30.0,2.0
2024-08-21,118,99.0,4.0
2024-08-22,87,41.0,3.0
2024-08-23,97,24.0,13.0
2024-08-24,89,28.0,6.0
2024-08-25,86,24.0,3.0
2024-08-26,139,40.0,3.0
2024-08-27,168,25.0,9.0
2024-08-28,160,27.0,9.0
2024-08-29,230,38.0,5.0
2024-08-30,203,31.0,4.0
2024-08-31,80,19.0,13.0
2024-09-01,358,29.0,6.0
2024-09-02,220,22.0,7.0
2024-09-03,249,23.0,7.0
2024-09-04,404,25.0,13.0
2024-09-05,274,22.0,6.0
2024-09-06,174,24.0,7.0
2024-09-07,189,25.0,6.0
2024-09-08,162,103.0,8.0
2024-09-09,150,37.0,6.0
2024-09-10,161,44.0,6.0
2024-09-11,172,34.0,10.0
2024-09-12,122,40.0,8.0
2024-09-13,137,30.0,5.0
2024-09-14,113,30.0,10.0
2024-09-15,97,25.0,8.0
2024-09-16,82,32.0,4.0
2024-09-17,134,36.0,7.0
2024-09-18,255,46.0,8.0
2024-09-19,194,30.0,9.0
2024-09-20,186,28.0,7.0
2024-09-21,150,22.0,6.0
2024-09-22,172,18.0,3.0
2024-09-23,179,20.0,5.0
2024-09-24,179,30.0,7.0
2024-09-25,216,38.0,2.0
2024-09-26,216,221.0,14.0
2024-09-27,167,34.0,13.0
2024-09-28,179,31.0,4.0
2024-09-29,196,31.0,8.0
2024-09-30,213,31.0,7.0
2024-10-01,185,30.0,4.0
2024-10-02,62,44.0,3.0
2024-10-03,91,47.0,9.0
2024-10-04,95,35.0,6.0
2024-10-05,101,24.0,4.0
2024-10-06,141,30.0,5.0
2024-10-07,136,37.0,6.0
2024-10-08,103,29.0,3.0
2024-10-09,123,20.0,11.0
2024-10-10,91,24.0,9.0
2024-10-11,102,27.0,5.0
2024-10-12,97,46.0,5.0
2024-10-13,51,27.0,8.0
2024-10-14,92,35.0,8.0
2024-10-15,109,47.0,8.0
2024-10-16,101,72.0,8.0
2024-10-17,91,44.0,10.0
2024-10-18,92,40.0,8.0
2024-10-19,94,22.0,4.0
2024-10-20,120,21.0,6.0
2024-10-21,55,28.0,5.0
2024-10-22,59,45.0,3.0
2024-10-23,75,29.0,3.0
2024-10-24,66,55.0,2.0
2024-10-25,82,33.0,3.0
2024-10-26,59,24.0,8.0
2024-10-27,57,26.0,3.0
2024-10-28,66,27.0,6.0
2024-10-29,58,43.0,4.0
2024-10-30,60,32.0,6.0
2024-10-31,46,42.0,5.0
2024-11-01,51,26.0,4.0
2024-11-02,67,28.0,2.0
2024-11-03,46,16.0,8.0
2024-11-04,70,23.0,4.0
2024-11-05,74,41.0,7.0
2024-11-06,99,29.0,8.0
2024-11-07,55,43.0,8.0
2024-11-08,76,35.0,7.0
2024-11-09,65,34.0,6.0
2024-11-10,46,37.0,8.0
2024-11-11,98,39.0,10.0
2024-11-12,68,42.0,5.0
2024-11-13,74,27.0,6.0
2024-11-14,82,50.0,6.0
2024-11-15,51,26.0,6.0
2024-11-16,63,45.0,4.0
2024-11-17,51,20.0,6.0
2024-11-18,68,57.0,5.0
2024-11-19,89,47.0,8.0
2024-11-20,65,39.0,7.0
2024-11-21,66,41.0,6.0
2024-11-22,70,29.0,7.0
2024-11-23,77,69.0,10.0
2024-11-24,66,25.0,14.0
2024-11-25,63,33.0,10.0
2024-11-26,86,45.0,4.0
2024-11-27,69,62.0,9.0
2024-11-28,62,36.0,4.0
2024-11-29,70,41.0,6.0
2024-11-30,73,30.0,10.0
2024-12-01,54,36.0,18.0
2024-12-02,114,58.0,13.0
2024-12-03,73,61.0,11.0
2024-12-04,66,42.0,16.0
2024-12-05,89,41.0,19.0
2024-12-06,69,404.0,9.0
2024-12-07,78,77.0,12.0
2024-12-08,81,56.0,13.0
2024-12-09,73,36.0,6.0
2024-12-10,56,36.0,10.0
2024-12-11,79,78.0,8.0
2024-12-12,72,54.0,24.0
2024-12-13,64,73.0,13.0
2024-12-14,77,31.0,1.0
2024-12-15,72,37.0,10.0
2024-12-16,73,39.0,10.0
2024-12-17,81,57.0,12.0
2024-12-18,67,43.0,5.0
2024-12-19,67,40.0,15.0
2024-12-20,79,30.0,8.0
2024-12-21,67,29.0,11.0
2024-12-22,50,18.0,4.0
2024-12-23,56,23.0,10.0
2024-12-24,70,20.0,8.0
2024-12-25,68,31.0,6.0
2024-12-26,54,21.0,5.0
2024-12-27,44,25.0,10.0
2024-12-28,84,28.0,12.0
2024-12-29,65,51.0,5.0
2024-12-30,101,26.0,6.0
2024-12-31,81,23.0,7.0
